2020:06:25-00:00:00,3785.1,3784.1,3786.0,3784.6
2020:06:25-00:01:00,3784.1,3784.1,3787.0,3786.6
2020:06:25-00:02:00,3787.0,3786.6,3788.6,3788.1
2020:06:25-00:03:00,3787.3,3785.6,3787.3,3786.1
2020:06:25-00:04:00,3786.9,3785.1,3787.1,3785.1
2020:06:25-00:05:00,3786.0,3786.0,3789.0,3788.1
2020:06:25-00:06:00,3788.0,3788.0,3790.1,3789.5
2020:06:25-00:07:00,3789.1,3788.0,3791.1,3790.5
2020:06:25-00:08:00,3790.6,3790.0,3790.6,3790.0
2020:06:25-00:09:00,3791.0,3791.0,3792.1,3791.1
2020:06:25-00:10:00,3791.5,3789.1,3792.0,3789.5
2020:06:25-00:11:00,3789.1,3787.5,3790.1,3788.0
2020:06:25-00:12:00,3787.6,3787.5,3789.1,3789.0
2020:06:25-00:13:00,3789.1,3789.1,3790.6,3790.5
2020:06:25-00:14:00,3789.2,3788.5,3789.2,3789.1
2020:06:25-00:15:00,3788.6,3788.1,3789.1,3789.1
2020:06:25-00:16:00,3789.6,3789.6,3793.0,3792.1
2020:06:25-00:17:00,3792.0,3792.0,3794.0,3794.0
2020:06:25-00:18:00,3794.8,3793.0,3795.1,3793.0
2020:06:25-00:19:00,3793.1,3793.1,3795.0,3795.0
2020:06:25-00:20:00,3794.5,3793.5,3796.1,3796.1
2020:06:25-00:21:00,3797.0,3793.0,3797.0,3794.0
2020:06:25-00:22:00,3793.6,3792.0,3793.6,3792.0
2020:06:25-00:23:00,3791.5,3788.0,3791.5,3788.0
2020:06:25-00:24:00,3788.1,3785.1,3789.4,3789.0
2020:06:25-00:25:00,3789.8,3788.0,3793.8,3791.1
2020:06:25-00:26:00,3791.0,3791.0,3792.1,3791.1
2020:06:25-00:27:00,3791.0,3791.0,3793.1,3793.0
2020:06:25-00:28:00,3793.2,3792.5,3794.0,3793.1
2020:06:25-00:29:00,3792.6,3791.0,3793.1,3793.0
2020:06:25-00:30:00,3793.1,3793.1,3798.0,3794.0
2020:06:25-00:31:00,3793.6,3792.6,3794.0,3793.5
2020:06:25-00:32:00,3793.9,3793.0,3794.1,3794.1
2020:06:25-00:33:00,3794.9,3793.1,3796.0,3794.1
2020:06:25-00:34:00,3794.0,3792.0,3794.0,3792.0
2020:06:25-00:35:00,3792.1,3792.1,3798.1,3798.1
2020:06:25-00:36:00,3798.9,3793.2,3798.9,3793.2
2020:06:25-00:37:00,3793.1,3786.2,3794.0,3787.1
2020:06:25-00:38:00,3788.0,3786.1,3791.4,3790.1
2020:06:25-00:39:00,3789.3,3788.1,3789.5,3788.1
2020:06:25-00:40:00,3788.5,3787.1,3789.1,3787.1
2020:06:25-00:41:00,3787.5,3787.0,3788.1,3787.1
2020:06:25-00:42:00,3788.1,3788.0,3789.1,3789.1
2020:06:25-00:43:00,3789.5,3788.0,3790.0,3788.0
2020:06:25-00:44:00,3787.2,3787.2,3791.7,3791.7
2020:06:25-00:45:00,3792.2,3792.2,3797.3,3796.3
2020:06:25-00:46:00,3795.9,3795.7,3797.2,3797.2
2020:06:25-00:47:00,3796.8,3796.3,3799.2,3797.3
2020:06:25-00:48:00,3797.7,3795.3,3798.3,3795.3
2020:06:25-00:49:00,3795.2,3795.2,3797.2,3796.2
2020:06:25-00:50:00,3796.3,3795.3,3797.3,3795.3
2020:06:25-00:51:00,3794.4,3792.2,3794.4,3794.3
2020:06:25-00:52:00,3793.1,3791.3,3793.7,3792.2
2020:06:25-00:53:00,3791.8,3790.2,3792.3,3792.3
2020:06:25-00:54:00,3791.5,3791.2,3792.3,3792.3
2020:06:25-00:55:00,3793.1,3792.2,3793.7,3792.8
2020:06:25-00:56:00,3793.2,3793.2,3799.2,3799.2
2020:06:25-00:57:00,3799.3,3799.3,3800.3,3800.3
2020:06:25-00:58:00,3801.2,3797.3,3802.2,3797.3
2020:06:25-00:59:00,3798.1,3794.9,3800.3,3800.3
2020:06:25-01:00:00,3801.1,3799.7,3807.0,3803.1
2020:06:25-01:01:00,3803.5,3793.1,3806.1,3793.1
2020:06:25-01:02:00,3793.5,3792.7,3807.1,3806.7
2020:06:25-01:03:00,3807.1,3802.2,3810.0,3805.1
2020:06:25-01:04:00,3805.0,3804.1,3809.1,3808.1
2020:06:25-01:05:00,3808.9,3808.9,3816.2,3814.1
2020:06:25-01:06:00,3813.1,3811.1,3815.0,3813.1
2020:06:25-01:07:00,3812.7,3810.1,3813.2,3812.6
2020:06:25-01:08:00,3812.2,3812.1,3816.1,3816.0
2020:06:25-01:09:00,3815.2,3810.1,3819.1,3814.1
2020:06:25-01:10:00,3813.3,3812.1,3820.1,3818.1
2020:06:25-01:11:00,3819.1,3818.1,3822.1,3818.1
2020:06:25-01:12:00,3818.9,3818.1,3821.1,3819.1
2020:06:25-01:13:00,3818.6,3817.0,3820.1,3819.7
2020:06:25-01:14:00,3819.1,3814.2,3819.1,3815.0
2020:06:25-01:15:00,3814.2,3814.1,3821.0,3821.0
2020:06:25-01:16:00,3821.2,3819.1,3822.9,3822.1
2020:06:25-01:17:00,3821.2,3820.2,3827.7,3827.1
2020:06:25-01:18:00,3827.2,3825.1,3829.1,3827.2
2020:06:25-01:19:00,3827.1,3826.1,3834.5,3833.5
2020:06:25-01:20:00,3833.1,3828.1,3835.1,3831.1
2020:06:25-01:21:00,3831.2,3829.2,3834.1,3834.1
2020:06:25-01:22:00,3833.7,3832.1,3836.1,3832.2
2020:06:25-01:23:00,3832.1,3832.1,3834.1,3832.1
2020:06:25-01:24:00,3831.3,3829.1,3831.7,3829.1
2020:06:25-01:25:00,3829.2,3827.1,3829.2,3827.1
2020:06:25-01:26:00,3827.9,3826.1,3828.6,3826.1
2020:06:25-01:27:00,3826.6,3826.6,3833.5,3833.1
2020:06:25-01:28:00,3832.7,3830.1,3834.1,3834.1
2020:06:25-01:29:00,3834.2,3831.6,3836.6,3831.6
2020:06:25-01:30:00,3831.2,3831.1,3847.8,3842.2
2020:06:25-01:31:00,3842.6,3840.1,3844.1,3842.0
2020:06:25-01:32:00,3842.6,3842.1,3846.1,3843.1
2020:06:25-01:33:00,3843.0,3840.2,3844.1,3843.2
2020:06:25-01:34:00,3843.1,3838.7,3843.1,3842.1
2020:06:25-01:35:00,3842.2,3839.1,3842.2,3839.1
2020:06:25-01:36:00,3839.2,3837.2,3842.1,3842.1
2020:06:25-01:37:00,3841.1,3838.7,3841.2,3839.3
2020:06:25-01:38:00,3839.2,3838.0,3839.7,3839.1
2020:06:25-01:39:00,3838.7,3838.1,3840.6,3838.1
2020:06:25-01:40:00,3839.1,3838.6,3841.9,3841.1
2020:06:25-01:41:00,3840.6,3835.0,3840.6,3835.1
2020:06:25-01:42:00,3835.9,3834.1,3837.1,3836.1
2020:06:25-01:43:00,3835.7,3835.7,3839.2,3839.2
2020:06:25-01:44:00,3838.4,3836.1,3839.2,3839.1
2020:06:25-01:45:00,3838.2,3838.1,3839.2,3838.1
2020:06:25-01:46:00,3838.6,3838.6,3841.5,3840.6
2020:06:25-01:47:00,3841.1,3841.1,3845.0,3844.1
2020:06:25-01:48:00,3844.5,3843.1,3846.0,3845.1
2020:06:25-01:49:00,3845.5,3843.1,3846.0,3845.1
2020:06:25-01:50:00,3844.7,3840.6,3845.1,3841.1
2020:06:25-01:51:00,3840.7,3840.1,3842.2,3842.1
2020:06:25-01:52:00,3841.7,3840.1,3842.2,3841.1
2020:06:25-01:53:00,3841.2,3841.1,3844.1,3843.1
2020:06:25-01:54:00,3842.7,3841.1,3843.1,3842.1
2020:06:25-01:55:00,3841.3,3840.1,3843.2,3843.1
2020:06:25-01:56:00,3843.2,3840.1,3844.2,3840.1
2020:06:25-01:57:00,3839.7,3838.7,3840.2,3840.1
2020:06:25-01:58:00,3840.2,3839.1,3841.1,3839.1
2020:06:25-01:59:00,3838.7,3835.2,3839.1,3837.1
2020:06:25-02:00:00,3837.2,3836.1,3844.1,3842.1
2020:06:25-02:01:00,3843.0,3840.3,3844.1,3841.1
2020:06:25-02:02:00,3841.5,3841.1,3844.0,3843.5
2020:06:25-02:03:00,3844.0,3842.1,3845.9,3845.1
2020:06:25-02:04:00,3844.1,3841.1,3846.0,3843.1
2020:06:25-02:05:00,3843.0,3839.1,3843.1,3840.1
2020:06:25-02:06:00,3839.2,3837.2,3839.7,3839.1
2020:06:25-02:07:00,3839.0,3836.3,3839.0,3838.2
2020:06:25-02:08:00,3838.1,3835.2,3839.1,3835.7
2020:06:25-02:09:00,3835.2,3829.3,3835.6,3833.3
2020:06:25-02:10:00,3833.2,3825.4,3834.7,3826.3
2020:06:25-02:11:00,3825.3,3824.4,3827.3,3826.3
2020:06:25-02:12:00,3827.1,3826.3,3829.3,3828.7
2020:06:25-02:13:00,3829.2,3827.2,3829.2,3827.3
2020:06:25-02:14:00,3828.2,3824.4,3828.2,3824.4
2020:06:25-02:15:00,3825.2,3824.3,3827.2,3827.2
2020:06:25-02:16:00,3827.3,3823.5,3827.7,3824.3
2020:06:25-02:17:00,3824.2,3823.2,3825.2,3823.2
2020:06:25-02:18:00,3823.3,3823.2,3827.3,3825.3
2020:06:25-02:19:00,3825.2,3823.3,3825.3,3824.3
2020:06:25-02:20:00,3823.3,3822.2,3824.3,3823.1
2020:06:25-02:21:00,3823.2,3823.2,3827.3,3826.3
2020:06:25-02:22:00,3826.8,3824.2,3827.3,3827.3
2020:06:25-02:23:00,3827.7,3826.3,3828.3,3827.3
2020:06:25-02:24:00,3827.2,3823.3,3827.3,3825.3
2020:06:25-02:25:00,3825.2,3823.2,3825.3,3823.2
2020:06:25-02:26:00,3823.3,3819.3,3823.3,3819.3
2020:06:25-02:27:00,3819.6,3816.3,3821.3,3818.2
2020:06:25-02:28:00,3818.3,3815.2,3818.3,3815.3
2020:06:25-02:29:00,3815.2,3813.8,3816.3,3815.3
2020:06:25-02:30:00,3815.2,3809.3,3816.1,3811.3
2020:06:25-02:31:00,3810.9,3809.3,3813.3,3811.3
2020:06:25-02:32:00,3811.4,3811.3,3814.2,3813.7
2020:06:25-02:33:00,3813.8,3811.4,3814.3,3814.3
2020:06:25-02:34:00,3813.5,3810.2,3814.3,3812.2
2020:06:25-02:35:00,3812.3,3809.3,3813.2,3810.3
2020:06:25-02:36:00,3810.4,3809.3,3811.3,3810.3
2020:06:25-02:37:00,3810.7,3810.3,3812.3,3811.3
2020:06:25-02:38:00,3811.2,3809.3,3811.3,3809.3
2020:06:25-02:39:00,3809.2,3806.9,3809.2,3807.3
2020:06:25-02:40:00,3807.4,3798.3,3807.4,3800.3
2020:06:25-02:41:00,3800.7,3799.3,3802.3,3801.3
2020:06:25-02:42:00,3801.7,3801.3,3807.2,3806.3
2020:06:25-02:43:00,3807.2,3801.7,3808.4,3802.3
2020:06:25-02:44:00,3803.2,3800.3,3804.3,3801.3
2020:06:25-02:45:00,3801.4,3795.2,3802.3,3798.3
2020:06:25-02:46:00,3798.7,3798.3,3804.3,3804.3
2020:06:25-02:47:00,3804.2,3801.5,3805.3,3805.3
2020:06:25-02:48:00,3805.2,3802.3,3805.3,3804.3
2020:06:25-02:49:00,3803.9,3803.2,3804.7,3804.3
2020:06:25-02:50:00,3804.7,3804.3,3806.3,3804.3
2020:06:25-02:51:00,3804.7,3804.3,3806.3,3805.3
2020:06:25-02:52:00,3806.1,3803.3,3806.1,3804.3
2020:06:25-02:53:00,3803.8,3794.3,3803.8,3800.4
2020:06:25-02:54:00,3800.8,3798.4,3800.8,3799.4
2020:06:25-02:55:00,3798.4,3790.4,3799.2,3791.9
2020:06:25-02:56:00,3791.4,3791.4,3798.4,3795.4
2020:06:25-02:57:00,3794.5,3793.4,3796.4,3794.0
2020:06:25-02:58:00,3794.4,3791.5,3795.4,3793.4
2020:06:25-02:59:00,3794.2,3787.4,3794.4,3788.4
2020:06:25-03:00:00,3788.5,3786.0,3790.4,3787.4
2020:06:25-03:01:00,3786.6,3786.5,3789.4,3787.5
2020:06:25-03:02:00,3788.3,3782.4,3788.4,3783.4
2020:06:25-03:03:00,3782.5,3779.5,3783.4,3782.4
2020:06:25-03:04:00,3782.5,3773.5,3782.5,3774.1
2020:06:25-03:05:00,3774.0,3773.5,3777.4,3776.6
2020:06:25-03:06:00,3777.4,3776.5,3777.5,3776.6
2020:06:25-03:07:00,3777.0,3769.2,3777.5,3773.6
2020:06:25-03:08:00,3773.5,3771.1,3773.6,3771.5
2020:06:25-03:09:00,3770.7,3767.2,3771.5,3771.5
2020:06:25-03:10:00,3770.7,3755.7,3770.9,3757.6
2020:06:25-03:11:00,3757.7,3755.7,3763.6,3763.6
2020:06:25-03:12:00,3764.0,3762.0,3765.0,3762.6
2020:06:25-03:13:00,3763.0,3757.7,3763.5,3758.6
2020:06:25-03:14:00,3759.4,3755.7,3759.5,3758.6
2020:06:25-03:15:00,3758.5,3753.6,3758.7,3757.6
2020:06:25-03:16:00,3757.5,3756.6,3765.5,3765.5
2020:06:25-03:17:00,3765.6,3764.0,3767.6,3765.6
2020:06:25-03:18:00,3766.0,3762.6,3766.0,3764.6
2020:06:25-03:19:00,3765.5,3762.5,3765.5,3763.6
2020:06:25-03:20:00,3763.5,3763.1,3767.5,3767.5
2020:06:25-03:21:00,3768.5,3766.5,3771.4,3770.6
2020:06:25-03:22:00,3771.0,3770.6,3772.5,3772.5
2020:06:25-03:23:00,3772.6,3771.6,3777.4,3775.4
2020:06:25-03:24:00,3776.3,3775.4,3777.3,3776.4
2020:06:25-03:25:00,3776.0,3773.4,3780.4,3780.4
2020:06:25-03:26:00,3780.3,3779.3,3781.3,3779.3
2020:06:25-03:27:00,3779.2,3776.4,3781.4,3781.4
2020:06:25-03:28:00,3782.3,3781.3,3783.2,3781.4
2020:06:25-03:29:00,3781.3,3776.4,3781.3,3780.4
2020:06:25-03:30:00,3780.3,3780.3,3782.4,3782.4
2020:06:25-03:31:00,3782.3,3777.8,3782.4,3778.4
2020:06:25-03:32:00,3778.9,3778.3,3780.3,3778.4
2020:06:25-03:33:00,3779.3,3778.4,3780.4,3779.9
2020:06:25-03:34:00,3779.5,3776.4,3780.4,3780.4
2020:06:25-03:35:00,3780.3,3774.3,3780.3,3774.3
2020:06:25-03:36:00,3774.4,3773.4,3779.4,3777.5
2020:06:25-03:37:00,3777.0,3775.6,3781.4,3781.4
2020:06:25-03:38:00,3781.5,3779.5,3782.4,3781.5
2020:06:25-03:39:00,3781.4,3781.4,3782.5,3782.4
2020:06:25-03:40:00,3783.3,3779.6,3783.5,3781.4
2020:06:25-03:41:00,3781.5,3780.4,3783.5,3782.4
2020:06:25-03:42:00,3781.6,3780.4,3782.5,3782.4
2020:06:25-03:43:00,3781.6,3780.4,3781.6,3780.4
2020:06:25-03:44:00,3780.0,3777.5,3780.5,3778.4
2020:06:25-03:45:00,3778.0,3775.5,3781.4,3775.5
2020:06:25-03:46:00,3775.4,3775.0,3777.5,3777.5
2020:06:25-03:47:00,3776.6,3775.5,3777.5,3775.5
2020:06:25-03:48:00,3776.8,3774.6,3779.4,3779.4
2020:06:25-03:49:00,3779.5,3779.5,3783.5,3781.5
2020:06:25-03:50:00,3781.4,3780.4,3781.6,3780.5
2020:06:25-03:51:00,3780.4,3779.5,3780.6,3780.6
2020:06:25-03:52:00,3780.5,3780.5,3782.4,3781.5
2020:06:25-03:53:00,3781.6,3779.5,3782.5,3779.5
2020:06:25-03:54:00,3779.6,3776.5,3779.6,3776.6
2020:06:25-03:55:00,3777.4,3777.4,3781.6,3781.5
2020:06:25-03:56:00,3781.4,3780.4,3783.5,3783.5
2020:06:25-03:57:00,3784.3,3782.6,3787.3,3786.4
2020:06:25-03:58:00,3786.0,3785.4,3791.5,3789.6
2020:06:25-03:59:00,3790.0,3789.4,3792.4,3791.4
2020:06:25-04:00:00,3791.5,3789.3,3792.5,3789.4
2020:06:25-04:01:00,3788.6,3787.5,3789.6,3789.6
2020:06:25-04:02:00,3790.5,3786.0,3790.5,3788.4
2020:06:25-04:03:00,3788.5,3785.4,3789.5,3787.4
2020:06:25-04:04:00,3787.8,3787.8,3789.4,3789.4
2020:06:25-04:05:00,3788.8,3787.3,3794.5,3794.4
2020:06:25-04:06:00,3795.3,3791.4,3795.4,3791.4
2020:06:25-04:07:00,3792.2,3792.2,3793.5,3793.4
2020:06:25-04:08:00,3794.4,3793.4,3796.3,3796.3
2020:06:25-04:09:00,3795.5,3793.5,3797.4,3794.4
2020:06:25-04:10:00,3795.2,3791.4,3795.4,3793.4
2020:06:25-04:11:00,3792.6,3791.4,3793.4,3792.4
2020:06:25-04:12:00,3793.2,3791.4,3793.4,3791.4
2020:06:25-04:13:00,3792.2,3790.5,3792.5,3791.4
2020:06:25-04:14:00,3791.5,3789.7,3792.4,3790.4
2020:06:25-04:15:00,3789.6,3789.5,3791.4,3790.3
2020:06:25-04:16:00,3789.5,3787.6,3791.4,3787.6
2020:06:25-04:17:00,3787.5,3786.7,3791.6,3791.6
2020:06:25-04:18:00,3792.5,3791.6,3792.5,3792.5
2020:06:25-04:19:00,3792.6,3790.4,3794.4,3790.4
2020:06:25-04:20:00,3790.8,3786.5,3791.4,3786.5
2020:06:25-04:21:00,3787.0,3783.5,3787.6,3783.5
2020:06:25-04:22:00,3783.6,3783.5,3786.0,3784.6
2020:06:25-04:23:00,3784.5,3781.5,3786.6,3781.5
2020:06:25-04:24:00,3782.5,3781.6,3785.6,3784.5
2020:06:25-04:25:00,3784.6,3778.4,3785.0,3778.6
2020:06:25-04:26:00,3779.0,3776.6,3781.5,3778.6
2020:06:25-04:27:00,3779.0,3778.6,3782.6,3781.6
2020:06:25-04:28:00,3781.5,3776.5,3782.0,3777.6
2020:06:25-04:29:00,3778.4,3774.5,3778.4,3774.6
2020:06:25-04:30:00,3775.0,3775.0,3778.6,3778.6
2020:06:25-04:31:00,3778.5,3777.5,3779.6,3778.6
2020:06:25-04:32:00,3778.5,3776.6,3780.6,3776.6
2020:06:25-04:33:00,3777.5,3776.6,3781.6,3779.6
2020:06:25-04:34:00,3780.0,3778.5,3781.6,3779.4
2020:06:25-04:35:00,3779.5,3775.6,3779.5,3777.5
2020:06:25-04:36:00,3776.6,3776.5,3778.0,3777.6
2020:06:25-04:37:00,3777.5,3775.6,3777.5,3776.6
2020:06:25-04:38:00,3777.6,3775.6,3779.6,3778.6
2020:06:25-04:39:00,3778.5,3777.6,3779.0,3778.6
2020:06:25-04:40:00,3779.4,3778.6,3783.4,3782.5
2020:06:25-04:41:00,3781.6,3781.6,3783.5,3783.0
2020:06:25-04:42:00,3782.6,3780.6,3782.6,3781.5
2020:06:25-04:43:00,3782.4,3779.5,3782.5,3781.0
2020:06:25-04:44:00,3781.4,3780.5,3782.1,3781.0
2020:06:25-04:45:00,3781.5,3780.6,3783.9,3781.6
2020:06:25-04:46:00,3781.5,3777.6,3781.6,3777.6
2020:06:25-04:47:00,3777.5,3772.8,3778.5,3774.0
2020:06:25-04:48:00,3773.6,3771.6,3776.6,3776.6
2020:06:25-04:49:00,3776.5,3776.5,3778.4,3776.6
2020:06:25-04:50:00,3777.5,3774.0,3777.6,3774.6
2020:06:25-04:51:00,3775.0,3774.6,3780.6,3779.6
2020:06:25-04:52:00,3780.4,3780.4,3785.6,3785.6
2020:06:25-04:53:00,3785.5,3784.6,3786.5,3786.5
2020:06:25-04:54:00,3787.3,3786.5,3788.5,3787.6
2020:06:25-04:55:00,3788.5,3785.6,3789.0,3789.0
2020:06:25-04:56:00,3789.4,3787.5,3789.7,3788.5
2020:06:25-04:57:00,3788.6,3785.5,3789.6,3786.0
2020:06:25-04:58:00,3785.6,3785.5,3788.6,3787.6
2020:06:25-04:59:00,3788.0,3787.6,3792.6,3790.6
2020:06:25-05:00:00,3791.5,3789.5,3792.0,3790.6
2020:06:25-05:01:00,3790.5,3788.5,3791.6,3788.6
2020:06:25-05:02:00,3789.0,3787.6,3790.0,3789.6
2020:06:25-05:03:00,3789.5,3789.0,3790.5,3790.0
2020:06:25-05:04:00,3789.6,3789.5,3792.0,3791.5
2020:06:25-05:05:00,3791.1,3788.5,3791.5,3788.5
2020:06:25-05:06:00,3787.7,3786.6,3795.0,3794.5
2020:06:25-05:07:00,3793.7,3791.5,3794.5,3791.6
2020:06:25-05:08:00,3791.5,3790.6,3792.6,3791.0
2020:06:25-05:09:00,3791.5,3791.5,3792.6,3791.6
2020:06:25-05:10:00,3791.5,3790.5,3792.6,3792.6
2020:06:25-05:11:00,3791.6,3790.5,3792.5,3790.6
2020:06:25-05:12:00,3791.5,3788.5,3791.5,3789.6
2020:06:25-05:13:00,3790.0,3787.6,3790.5,3788.5
2020:06:25-05:14:00,3788.6,3786.5,3789.5,3786.5
2020:06:25-05:15:00,3786.6,3785.5,3788.5,3785.5
2020:06:25-05:16:00,3785.6,3783.6,3786.4,3784.5
2020:06:25-05:17:00,3784.6,3782.5,3784.6,3782.6
2020:06:25-05:18:00,3782.5,3782.5,3783.6,3782.5
2020:06:25-05:19:00,3781.7,3781.0,3782.6,3781.0
2020:06:25-05:20:00,3781.4,3781.4,3784.6,3784.6
2020:06:25-05:21:00,3785.4,3783.5,3786.5,3783.6
2020:06:25-05:22:00,3784.0,3782.5,3786.5,3782.5
2020:06:25-05:23:00,3782.6,3781.6,3783.5,3783.0
2020:06:25-05:24:00,3783.4,3783.0,3786.0,3784.6
2020:06:25-05:25:00,3785.0,3784.6,3788.3,3787.4
2020:06:25-05:26:00,3786.6,3783.4,3786.6,3784.4
2020:06:25-05:27:00,3785.2,3784.4,3785.9,3784.4
2020:06:25-05:28:00,3784.8,3780.5,3785.3,3781.4
2020:06:25-05:29:00,3781.5,3780.5,3782.5,3782.5
2020:06:25-05:30:00,3782.4,3780.1,3782.4,3781.6
2020:06:25-05:31:00,3781.5,3777.0,3781.5,3779.5
2020:06:25-05:32:00,3778.6,3777.5,3780.5,3779.6
2020:06:25-05:33:00,3779.5,3779.5,3781.1,3780.5
2020:06:25-05:34:00,3779.7,3778.5,3780.5,3780.5
2020:06:25-05:35:00,3780.0,3776.7,3780.6,3777.6
2020:06:25-05:36:00,3777.5,3774.5,3777.5,3775.5
2020:06:25-05:37:00,3774.7,3774.5,3777.4,3776.6
2020:06:25-05:38:00,3776.5,3770.6,3777.0,3773.5
2020:06:25-05:39:00,3773.6,3771.6,3774.6,3771.6
2020:06:25-05:40:00,3772.0,3771.5,3773.6,3773.6
2020:06:25-05:41:00,3774.5,3773.5,3778.5,3777.5
2020:06:25-05:42:00,3776.5,3775.5,3777.4,3776.4
2020:06:25-05:43:00,3776.5,3776.5,3779.4,3776.5
2020:06:25-05:44:00,3776.6,3775.5,3779.6,3778.5
2020:06:25-05:45:00,3779.4,3778.5,3780.6,3778.5
2020:06:25-05:46:00,3777.7,3776.7,3778.6,3777.7
2020:06:25-05:47:00,3777.6,3776.7,3778.5,3777.6
2020:06:25-05:48:00,3777.5,3770.5,3777.5,3771.6
2020:06:25-05:49:00,3772.0,3771.5,3773.6,3771.6
2020:06:25-05:50:00,3772.5,3770.6,3772.5,3770.6
2020:06:25-05:51:00,3770.5,3767.8,3770.6,3769.7
2020:06:25-05:52:00,3770.1,3769.6,3771.6,3771.1
2020:06:25-05:53:00,3771.5,3771.5,3775.5,3774.6
2020:06:25-05:54:00,3774.5,3773.6,3775.0,3774.6
2020:06:25-05:55:00,3774.7,3773.5,3775.5,3773.6
2020:06:25-05:56:00,3773.5,3771.7,3774.6,3774.6
2020:06:25-05:57:00,3775.5,3774.6,3776.6,3775.6
2020:06:25-05:58:00,3775.5,3775.5,3777.6,3777.6
2020:06:25-05:59:00,3778.4,3777.6,3779.6,3778.6
2020:06:25-06:00:00,3778.5,3777.7,3780.1,3779.5
2020:06:25-06:01:00,3779.6,3779.6,3785.5,3783.7
2020:06:25-06:02:00,3783.6,3781.5,3783.6,3781.5
2020:06:25-06:03:00,3781.6,3780.5,3782.5,3780.5
2020:06:25-06:04:00,3780.1,3779.5,3781.6,3781.6
2020:06:25-06:05:00,3781.5,3779.5,3781.5,3779.5
2020:06:25-06:06:00,3779.6,3779.5,3781.5,3779.5
2020:06:25-06:07:00,3778.6,3778.6,3781.6,3780.6
2020:06:25-06:08:00,3780.5,3777.5,3780.5,3779.5
2020:06:25-06:09:00,3779.6,3779.6,3784.6,3781.5
2020:06:25-06:10:00,3780.7,3780.6,3784.5,3784.5
2020:06:25-06:11:00,3784.1,3782.5,3784.5,3782.5
2020:06:25-06:12:00,3781.7,3781.5,3784.5,3782.6
2020:06:25-06:13:00,3783.0,3779.6,3784.5,3779.6
2020:06:25-06:14:00,3779.5,3778.5,3782.6,3782.6
2020:06:25-06:15:00,3782.5,3781.6,3782.6,3782.6
2020:06:25-06:16:00,3782.1,3780.5,3782.6,3780.6
2020:06:25-06:17:00,3781.5,3780.8,3781.7,3781.7
2020:06:25-06:18:00,3781.8,3779.7,3782.5,3780.2
2020:06:25-06:19:00,3780.5,3779.7,3780.7,3779.7
2020:06:25-06:20:00,3780.1,3779.6,3781.6,3781.2
2020:06:25-06:21:00,3780.8,3779.6,3781.7,3779.6
2020:06:25-06:22:00,3779.7,3777.7,3779.7,3779.6
2020:06:25-06:23:00,3778.8,3775.8,3781.1,3780.1
2020:06:25-06:24:00,3780.5,3777.6,3780.7,3779.7
2020:06:25-06:25:00,3779.6,3778.6,3780.6,3779.2
2020:06:25-06:26:00,3778.8,3778.7,3779.7,3778.7
2020:06:25-06:27:00,3779.6,3778.7,3782.4,3780.6
2020:06:25-06:28:00,3780.7,3780.6,3782.7,3782.1
2020:06:25-06:29:00,3781.7,3781.6,3783.6,3782.6
2020:06:25-06:30:00,3782.7,3782.6,3785.6,3784.6
2020:06:25-06:31:00,3784.7,3781.6,3784.7,3781.7
2020:06:25-06:32:00,3781.6,3780.6,3781.7,3781.7
2020:06:25-06:33:00,3781.6,3781.6,3782.7,3782.7
2020:06:25-06:34:00,3783.6,3783.6,3785.7,3785.7
2020:06:25-06:35:00,3786.6,3786.6,3793.6,3789.6
2020:06:25-06:36:00,3789.7,3786.6,3790.7,3787.6
2020:06:25-06:37:00,3786.7,3786.6,3789.6,3786.7
2020:06:25-06:38:00,3787.6,3786.7,3790.7,3787.7
2020:06:25-06:39:00,3788.5,3785.6,3788.7,3786.7
2020:06:25-06:40:00,3787.7,3783.6,3787.7,3783.6
2020:06:25-06:41:00,3783.7,3774.7,3784.5,3774.7
2020:06:25-06:42:00,3775.7,3775.3,3777.7,3776.7
2020:06:25-06:43:00,3777.6,3775.7,3777.7,3776.7
2020:06:25-06:44:00,3776.6,3771.6,3776.6,3772.6
2020:06:25-06:45:00,3773.2,3772.7,3775.7,3774.7
2020:06:25-06:46:00,3774.6,3773.6,3777.6,3773.6
2020:06:25-06:47:00,3773.7,3773.7,3777.6,3776.7
2020:06:25-06:48:00,3777.1,3773.7,3778.6,3774.6
2020:06:25-06:49:00,3774.7,3773.6,3774.7,3774.6
2020:06:25-06:50:00,3773.8,3772.7,3774.7,3773.7
2020:06:25-06:51:00,3774.5,3774.5,3776.7,3776.7
2020:06:25-06:52:00,3776.8,3775.7,3777.7,3776.6
2020:06:25-06:53:00,3776.7,3773.7,3777.7,3773.7
2020:06:25-06:54:00,3774.5,3770.7,3774.6,3770.7
2020:06:25-06:55:00,3770.3,3770.3,3773.7,3773.7
2020:06:25-06:56:00,3773.2,3770.6,3773.7,3770.7
2020:06:25-06:57:00,3771.5,3768.7,3771.7,3769.7
2020:06:25-06:58:00,3770.6,3763.7,3771.2,3767.2
2020:06:25-06:59:00,3767.3,3765.7,3769.6,3767.7
2020:06:25-07:00:00,3767.3,3766.7,3777.8,3776.7
2020:06:25-07:01:00,3775.8,3775.8,3784.7,3781.7
2020:06:25-07:02:00,3781.3,3775.7,3781.7,3776.6
2020:06:25-07:03:00,3776.7,3773.7,3778.7,3774.7
2020:06:25-07:04:00,3775.5,3773.8,3777.8,3773.8
2020:06:25-07:05:00,3774.2,3771.8,3775.8,3772.7
2020:06:25-07:06:00,3772.3,3768.7,3772.8,3769.7
2020:06:25-07:07:00,3769.3,3768.7,3772.7,3770.8
2020:06:25-07:08:00,3770.4,3767.8,3770.8,3768.3
2020:06:25-07:09:00,3767.9,3765.8,3771.7,3766.7
2020:06:25-07:10:00,3766.3,3766.3,3772.2,3770.7
2020:06:25-07:11:00,3769.7,3767.8,3771.6,3769.8
2020:06:25-07:12:00,3769.7,3768.7,3770.7,3768.7
2020:06:25-07:13:00,3767.9,3766.7,3770.3,3766.7
2020:06:25-07:14:00,3766.3,3764.8,3767.2,3766.7
2020:06:25-07:15:00,3767.5,3765.8,3770.3,3768.7
2020:06:25-07:16:00,3768.8,3768.8,3774.7,3773.8
2020:06:25-07:17:00,3773.7,3771.7,3773.8,3773.7
2020:06:25-07:18:00,3774.2,3771.7,3774.7,3774.7
2020:06:25-07:19:00,3774.8,3772.7,3775.2,3772.7
2020:06:25-07:20:00,3773.7,3771.7,3775.8,3775.8
2020:06:25-07:21:00,3775.7,3774.8,3778.6,3778.6
2020:06:25-07:22:00,3778.7,3773.7,3779.8,3773.7
2020:06:25-07:23:00,3772.9,3772.9,3776.7,3775.8
2020:06:25-07:24:00,3775.7,3774.3,3776.7,3775.7
2020:06:25-07:25:00,3775.3,3773.7,3775.7,3773.7
2020:06:25-07:26:00,3774.7,3772.8,3775.8,3775.7
2020:06:25-07:27:00,3775.8,3773.8,3776.7,3774.7
2020:06:25-07:28:00,3774.3,3772.8,3777.8,3776.7
2020:06:25-07:29:00,3776.3,3773.8,3776.3,3775.7
2020:06:25-07:30:00,3775.8,3774.8,3778.2,3775.8
2020:06:25-07:31:00,3776.6,3775.7,3778.7,3776.7
2020:06:25-07:32:00,3776.3,3776.3,3780.6,3777.8
2020:06:25-07:33:00,3777.7,3775.8,3778.7,3777.7
2020:06:25-07:34:00,3777.3,3776.7,3779.7,3778.7
2020:06:25-07:35:00,3779.7,3779.7,3782.7,3779.7
2020:06:25-07:36:00,3778.9,3776.8,3779.7,3777.7
2020:06:25-07:37:00,3778.6,3777.7,3779.8,3777.8
2020:06:25-07:38:00,3778.7,3777.7,3779.3,3777.7
2020:06:25-07:39:00,3777.8,3776.7,3778.8,3777.8
2020:06:25-07:40:00,3777.7,3777.7,3781.7,3778.7
2020:06:25-07:41:00,3778.3,3775.7,3778.7,3775.7
2020:06:25-07:42:00,3776.1,3774.7,3777.7,3776.7
2020:06:25-07:43:00,3776.8,3774.7,3777.7,3774.8
2020:06:25-07:44:00,3775.7,3773.8,3777.7,3774.7
2020:06:25-07:45:00,3774.8,3772.7,3774.8,3772.8
2020:06:25-07:46:00,3772.7,3765.8,3772.7,3769.3
2020:06:25-07:47:00,3769.7,3765.8,3770.7,3766.8
2020:06:25-07:48:00,3766.7,3766.7,3768.8,3768.2
2020:06:25-07:49:00,3768.3,3763.8,3768.7,3763.8
2020:06:25-07:50:00,3764.6,3761.8,3765.8,3764.3
2020:06:25-07:51:00,3763.8,3762.8,3764.8,3764.7
2020:06:25-07:52:00,3765.5,3763.8,3766.7,3765.8
2020:06:25-07:53:00,3766.6,3765.8,3773.7,3772.7
2020:06:25-07:54:00,3772.3,3768.7,3773.8,3772.7
2020:06:25-07:55:00,3772.3,3765.7,3772.3,3765.7
2020:06:25-07:56:00,3765.2,3763.8,3768.7,3765.3
2020:06:25-07:57:00,3764.8,3762.6,3767.7,3764.7
2020:06:25-07:58:00,3764.8,3764.7,3767.8,3766.7
2020:06:25-07:59:00,3766.8,3765.8,3769.8,3769.7
2020:06:25-08:00:00,3768.9,3768.7,3780.2,3779.7
2020:06:25-08:01:00,3779.8,3776.7,3784.8,3780.7
2020:06:25-08:02:00,3779.8,3770.7,3779.8,3771.8
2020:06:25-08:03:00,3771.7,3765.7,3771.7,3767.7
2020:06:25-08:04:00,3766.9,3764.7,3773.8,3771.7
2020:06:25-08:05:00,3770.8,3769.7,3776.8,3776.8
2020:06:25-08:06:00,3776.3,3775.7,3780.2,3775.8
2020:06:25-08:07:00,3775.7,3772.8,3775.8,3773.7
2020:06:25-08:08:00,3773.8,3769.6,3774.2,3769.7
2020:06:25-08:09:00,3769.6,3767.2,3771.8,3771.7
2020:06:25-08:10:00,3771.3,3760.0,3771.3,3760.8
2020:06:25-08:11:00,3760.7,3757.8,3762.8,3758.7
2020:06:25-08:12:00,3758.8,3757.8,3763.6,3759.8
2020:06:25-08:13:00,3759.7,3755.8,3759.8,3755.8
2020:06:25-08:14:00,3756.7,3750.8,3757.2,3753.7
2020:06:25-08:15:00,3752.8,3745.8,3754.8,3745.8
2020:06:25-08:16:00,3746.6,3742.2,3748.8,3744.4
2020:06:25-08:17:00,3744.0,3742.9,3748.8,3746.8
2020:06:25-08:18:00,3746.7,3744.8,3747.6,3745.8
2020:06:25-08:19:00,3746.7,3742.9,3749.7,3745.7
2020:06:25-08:20:00,3745.8,3739.8,3750.7,3750.7
2020:06:25-08:21:00,3750.2,3746.9,3751.7,3748.8
2020:06:25-08:22:00,3748.7,3746.7,3756.8,3753.7
2020:06:25-08:23:00,3752.9,3752.7,3757.8,3755.8
2020:06:25-08:24:00,3756.2,3753.8,3756.8,3755.7
2020:06:25-08:25:00,3755.3,3754.8,3761.8,3761.7
2020:06:25-08:26:00,3761.8,3754.8,3761.8,3756.8
2020:06:25-08:27:00,3757.2,3756.8,3761.8,3760.8
2020:06:25-08:28:00,3760.0,3759.7,3762.8,3761.8
2020:06:25-08:29:00,3762.6,3761.6,3765.8,3761.7
2020:06:25-08:30:00,3761.8,3758.7,3762.8,3762.7
2020:06:25-08:31:00,3762.2,3760.8,3769.7,3766.8
2020:06:25-08:32:00,3767.7,3763.8,3767.8,3766.2
2020:06:25-08:33:00,3765.8,3765.2,3769.6,3768.8
2020:06:25-08:34:00,3768.7,3763.6,3769.8,3764.2
2020:06:25-08:35:00,3764.3,3760.8,3766.6,3762.8
2020:06:25-08:36:00,3763.6,3757.8,3763.8,3758.7
2020:06:25-08:37:00,3758.8,3753.7,3759.8,3755.7
2020:06:25-08:38:00,3755.8,3755.6,3762.7,3761.7
2020:06:25-08:39:00,3762.6,3760.7,3764.7,3764.6
2020:06:25-08:40:00,3764.7,3764.7,3772.7,3765.2
2020:06:25-08:41:00,3765.6,3753.6,3765.7,3754.6
2020:06:25-08:42:00,3754.8,3744.6,3755.7,3744.7
2020:06:25-08:43:00,3744.8,3734.6,3747.7,3737.2
2020:06:25-08:44:00,3737.6,3730.0,3738.6,3732.0
2020:06:25-08:45:00,3732.8,3728.8,3736.8,3733.8
2020:06:25-08:46:00,3733.4,3726.0,3735.8,3726.0
2020:06:25-08:47:00,3725.1,3719.8,3726.0,3720.0
2020:06:25-08:48:00,3721.6,3719.9,3727.0,3727.0
2020:06:25-08:49:00,3727.8,3721.9,3728.0,3724.8
2020:06:25-08:50:00,3724.4,3721.0,3728.8,3721.9
2020:06:25-08:51:00,3720.9,3716.9,3722.7,3717.0
2020:06:25-08:52:00,3717.7,3717.7,3723.8,3718.8
2020:06:25-08:53:00,3718.9,3716.8,3719.8,3717.3
2020:06:25-08:54:00,3716.9,3716.8,3724.9,3724.8
2020:06:25-08:55:00,3725.8,3722.4,3728.6,3722.8
2020:06:25-08:56:00,3723.6,3721.8,3728.6,3721.8
2020:06:25-08:57:00,3721.0,3720.8,3726.3,3724.8
2020:06:25-08:58:00,3724.9,3721.8,3727.8,3721.8
2020:06:25-08:59:00,3720.9,3719.9,3728.8,3728.8
2020:06:25-09:00:00,3728.9,3722.8,3731.3,3723.9
2020:06:25-09:01:00,3724.0,3716.8,3724.9,3718.9
2020:06:25-09:02:00,3718.5,3717.9,3725.4,3725.4
2020:06:25-09:03:00,3725.0,3725.0,3729.8,3727.9
2020:06:25-09:04:00,3727.8,3725.9,3729.8,3726.8
2020:06:25-09:05:00,3726.4,3722.8,3728.7,3725.0
2020:06:25-09:06:00,3725.4,3725.4,3737.9,3737.8
2020:06:25-09:07:00,3737.4,3735.9,3743.8,3742.9
2020:06:25-09:08:00,3743.3,3734.0,3743.9,3737.9
2020:06:25-09:09:00,3738.3,3738.3,3743.0,3741.0
2020:06:25-09:10:00,3741.4,3741.0,3747.8,3743.9
2020:06:25-09:11:00,3744.0,3742.9,3748.0,3745.9
2020:06:25-09:12:00,3746.7,3746.0,3750.8,3747.8
2020:06:25-09:13:00,3748.0,3747.9,3759.8,3757.8
2020:06:25-09:14:00,3757.9,3749.9,3759.9,3750.8
2020:06:25-09:15:00,3750.9,3748.0,3753.9,3748.8
2020:06:25-09:16:00,3748.9,3748.8,3757.8,3752.8
2020:06:25-09:17:00,3752.0,3751.7,3759.8,3757.8
2020:06:25-09:18:00,3757.9,3757.9,3762.8,3758.8
2020:06:25-09:19:00,3758.9,3756.1,3760.8,3759.8
2020:06:25-09:20:00,3759.9,3759.9,3767.8,3765.8
2020:06:25-09:21:00,3765.9,3763.8,3770.8,3769.8
2020:06:25-09:22:00,3769.9,3769.8,3781.8,3777.9
2020:06:25-09:23:00,3778.3,3777.8,3788.6,3783.7
2020:06:25-09:24:00,3784.6,3780.8,3789.7,3781.8
2020:06:25-09:25:00,3781.7,3778.6,3783.8,3778.8
2020:06:25-09:26:00,3778.7,3775.8,3782.8,3777.8
2020:06:25-09:27:00,3777.6,3775.8,3780.8,3776.7
2020:06:25-09:28:00,3776.3,3774.7,3780.8,3780.6
2020:06:25-09:29:00,3779.8,3767.9,3782.8,3769.9
2020:06:25-09:30:00,3770.1,3770.1,3783.9,3778.9
2020:06:25-09:31:00,3778.7,3775.0,3781.9,3775.7
2020:06:25-09:32:00,3775.4,3766.6,3775.7,3767.9
2020:06:25-09:33:00,3767.7,3767.7,3773.7,3769.6
2020:06:25-09:34:00,3768.9,3766.6,3769.6,3768.6
2020:06:25-09:35:00,3768.7,3767.9,3774.8,3774.8
2020:06:25-09:36:00,3774.6,3770.3,3776.8,3772.6
2020:06:25-09:37:00,3771.9,3768.8,3773.8,3771.8
2020:06:25-09:38:00,3771.9,3770.9,3774.6,3771.8
2020:06:25-09:39:00,3771.0,3767.8,3774.6,3773.3
2020:06:25-09:40:00,3772.8,3767.9,3773.8,3767.9
2020:06:25-09:41:00,3768.6,3762.9,3768.8,3767.6
2020:06:25-09:42:00,3768.0,3764.9,3777.8,3776.2
2020:06:25-09:43:00,3776.3,3773.8,3778.8,3776.8
2020:06:25-09:44:00,3776.7,3775.7,3784.7,3781.7
2020:06:25-09:45:00,3781.3,3781.3,3792.7,3791.7
2020:06:25-09:46:00,3792.2,3785.9,3792.7,3790.2
2020:06:25-09:47:00,3790.5,3785.8,3791.8,3786.7
2020:06:25-09:48:00,3785.9,3780.9,3787.3,3784.8
2020:06:25-09:49:00,3785.2,3778.7,3785.3,3780.8
2020:06:25-09:50:00,3780.7,3780.0,3788.8,3784.8
2020:06:25-09:51:00,3785.3,3784.8,3790.7,3789.8
2020:06:25-09:52:00,3789.3,3789.3,3803.8,3802.7
2020:06:25-09:53:00,3802.2,3795.7,3805.7,3797.2
2020:06:25-09:54:00,3797.6,3794.7,3799.6,3796.8
2020:06:25-09:55:00,3796.7,3794.7,3798.2,3795.7
2020:06:25-09:56:00,3796.1,3793.7,3796.8,3794.7
2020:06:25-09:57:00,3793.7,3791.7,3794.7,3793.7
2020:06:25-09:58:00,3792.9,3790.8,3793.8,3790.8
2020:06:25-09:59:00,3790.9,3786.8,3794.7,3788.7
2020:06:25-10:00:00,3787.9,3783.7,3789.8,3783.7
2020:06:25-10:01:00,3783.8,3775.9,3783.8,3779.7
2020:06:25-10:02:00,3780.7,3779.8,3784.8,3783.8
2020:06:25-10:03:00,3783.7,3783.1,3789.8,3787.8
2020:06:25-10:04:00,3788.3,3787.8,3804.8,3804.7
2020:06:25-10:05:00,3803.9,3798.8,3805.7,3802.8
2020:06:25-10:06:00,3801.9,3795.7,3804.7,3795.8
2020:06:25-10:07:00,3796.6,3794.8,3798.8,3796.7
2020:06:25-10:08:00,3795.1,3792.9,3795.1,3793.7
2020:06:25-10:09:00,3792.7,3783.7,3792.7,3784.2
2020:06:25-10:10:00,3783.8,3783.7,3787.8,3784.9
2020:06:25-10:11:00,3784.8,3775.7,3786.7,3784.7
2020:06:25-10:12:00,3784.2,3778.7,3787.7,3779.7
2020:06:25-10:13:00,3779.3,3775.7,3779.8,3779.8
2020:06:25-10:14:00,3780.7,3778.9,3782.9,3780.9
2020:06:25-10:15:00,3781.8,3779.7,3784.9,3784.3
2020:06:25-10:16:00,3784.8,3780.9,3784.8,3783.7
2020:06:25-10:17:00,3783.8,3782.9,3784.8,3784.7
2020:06:25-10:18:00,3785.5,3783.8,3787.8,3786.8
2020:06:25-10:19:00,3787.3,3783.8,3787.3,3784.7
2020:06:25-10:20:00,3784.8,3781.3,3791.9,3788.7
2020:06:25-10:21:00,3788.8,3788.7,3796.8,3793.8
2020:06:25-10:22:00,3793.9,3792.7,3798.9,3796.7
2020:06:25-10:23:00,3795.8,3793.8,3798.7,3797.9
2020:06:25-10:24:00,3797.8,3793.7,3799.8,3794.9
2020:06:25-10:25:00,3795.3,3794.9,3804.5,3802.3
2020:06:25-10:26:00,3802.7,3796.8,3803.8,3796.9
2020:06:25-10:27:00,3796.8,3796.8,3804.9,3800.4
2020:06:25-10:28:00,3799.9,3799.8,3805.9,3805.9
2020:06:25-10:29:00,3805.8,3804.9,3811.8,3811.8
2020:06:25-10:30:00,3811.7,3803.9,3811.9,3804.8
2020:06:25-10:31:00,3804.0,3803.9,3808.7,3805.9
2020:06:25-10:32:00,3804.8,3798.8,3805.3,3804.7
2020:06:25-10:33:00,3804.3,3802.0,3808.9,3808.8
2020:06:25-10:34:00,3809.3,3807.7,3811.9,3807.8
2020:06:25-10:35:00,3808.3,3802.9,3808.7,3802.9
2020:06:25-10:36:00,3803.3,3796.8,3804.8,3799.9
2020:06:25-10:37:00,3800.7,3797.9,3804.7,3804.3
2020:06:25-10:38:00,3804.8,3800.9,3805.7,3801.9
2020:06:25-10:39:00,3801.8,3797.8,3801.9,3798.9
2020:06:25-10:40:00,3798.8,3793.8,3802.7,3793.8
2020:06:25-10:41:00,3793.0,3789.9,3795.9,3790.8
2020:06:25-10:42:00,3790.0,3784.8,3790.0,3784.9
2020:06:25-10:43:00,3784.8,3778.7,3785.9,3779.8
2020:06:25-10:44:00,3779.7,3774.4,3781.9,3775.8
2020:06:25-10:45:00,3776.8,3772.8,3780.7,3779.8
2020:06:25-10:46:00,3780.2,3779.8,3785.8,3783.7
2020:06:25-10:47:00,3782.9,3779.9,3784.7,3783.8
2020:06:25-10:48:00,3784.3,3779.8,3785.7,3782.8
2020:06:25-10:49:00,3783.7,3782.7,3785.6,3784.7
2020:06:25-10:50:00,3783.9,3778.8,3785.7,3779.8
2020:06:25-10:51:00,3780.6,3776.9,3781.8,3780.7
2020:06:25-10:52:00,3781.7,3775.3,3782.7,3776.7
2020:06:25-10:53:00,3776.8,3774.8,3778.8,3775.8
2020:06:25-10:54:00,3775.7,3774.8,3779.8,3778.9
2020:06:25-10:55:00,3778.8,3778.7,3786.9,3783.7
2020:06:25-10:56:00,3782.9,3777.8,3784.7,3779.8
2020:06:25-10:57:00,3779.7,3779.7,3783.6,3780.7
2020:06:25-10:58:00,3780.8,3775.7,3781.8,3775.7
2020:06:25-10:59:00,3776.7,3766.9,3777.7,3769.8
2020:06:25-11:00:00,3770.2,3765.8,3776.8,3771.8
2020:06:25-11:01:00,3772.6,3771.8,3777.7,3772.9
2020:06:25-11:02:00,3773.8,3773.8,3782.9,3781.9
2020:06:25-11:03:00,3782.7,3782.7,3790.8,3788.8
2020:06:25-11:04:00,3788.7,3782.9,3788.7,3783.9
2020:06:25-11:05:00,3783.8,3782.9,3786.9,3784.7
2020:06:25-11:06:00,3784.3,3779.0,3784.8,3781.9
2020:06:25-11:07:00,3782.8,3778.3,3783.8,3778.9
2020:06:25-11:08:00,3778.8,3775.5,3780.7,3775.9
2020:06:25-11:09:00,3776.7,3770.8,3776.7,3770.8
2020:06:25-11:10:00,3770.0,3762.9,3770.0,3763.9
2020:06:25-11:11:00,3763.8,3762.9,3765.9,3765.8
2020:06:25-11:12:00,3765.9,3764.9,3768.7,3765.8
2020:06:25-11:13:00,3764.9,3764.9,3770.7,3765.8
2020:06:25-11:14:00,3765.9,3765.9,3768.9,3767.8
2020:06:25-11:15:00,3768.2,3764.8,3768.8,3765.7
2020:06:25-11:16:00,3765.8,3764.8,3767.7,3765.7
2020:06:25-11:17:00,3764.9,3762.9,3765.7,3764.3
2020:06:25-11:18:00,3763.9,3762.1,3764.7,3762.9
2020:06:25-11:19:00,3763.7,3755.7,3763.7,3757.8
2020:06:25-11:20:00,3757.7,3757.3,3762.9,3761.7
2020:06:25-11:21:00,3760.9,3760.8,3762.9,3762.8
2020:06:25-11:22:00,3762.4,3758.8,3763.8,3759.7
2020:06:25-11:23:00,3760.7,3758.9,3763.7,3763.3
2020:06:25-11:24:00,3763.7,3763.3,3772.7,3770.7
2020:06:25-11:25:00,3770.8,3768.8,3772.7,3769.8
2020:06:25-11:26:00,3769.7,3768.8,3771.7,3770.7
2020:06:25-11:27:00,3769.9,3766.7,3769.9,3767.8
2020:06:25-11:28:00,3767.7,3766.3,3768.8,3767.8
2020:06:25-11:29:00,3768.2,3766.7,3770.7,3768.8
2020:06:25-11:30:00,3768.0,3763.9,3768.0,3765.8
2020:06:25-11:31:00,3766.3,3755.9,3766.3,3760.8
2020:06:25-11:32:00,3760.3,3758.4,3762.9,3759.9
2020:06:25-11:33:00,3760.7,3759.9,3763.8,3763.7
2020:06:25-11:34:00,3764.5,3760.8,3764.9,3763.4
2020:06:25-11:35:00,3763.8,3760.4,3763.8,3760.9
2020:06:25-11:36:00,3760.5,3755.9,3760.9,3759.3
2020:06:25-11:37:00,3759.7,3757.8,3763.8,3757.9
2020:06:25-11:38:00,3757.8,3755.7,3759.9,3756.7
2020:06:25-11:39:00,3757.2,3755.7,3757.9,3755.7
2020:06:25-11:40:00,3755.8,3747.1,3756.7,3747.9
2020:06:25-11:41:00,3748.4,3742.1,3749.8,3745.0
2020:06:25-11:42:00,3744.9,3744.9,3750.9,3748.9
2020:06:25-11:43:00,3749.0,3747.9,3752.1,3752.0
2020:06:25-11:44:00,3751.2,3748.9,3751.9,3749.9
2020:06:25-11:45:00,3750.3,3748.9,3757.9,3757.9
2020:06:25-11:46:00,3757.8,3751.8,3759.9,3758.9
2020:06:25-11:47:00,3759.1,3758.0,3760.1,3760.0
2020:06:25-11:48:00,3760.1,3756.9,3761.1,3758.9
2020:06:25-11:49:00,3757.9,3751.9,3757.9,3754.9
2020:06:25-11:50:00,3754.8,3752.9,3756.9,3753.8
2020:06:25-11:51:00,3753.0,3748.5,3754.8,3750.9
2020:06:25-11:52:00,3750.5,3748.8,3752.9,3751.8
2020:06:25-11:53:00,3752.7,3751.0,3754.8,3751.9
2020:06:25-11:54:00,3751.8,3751.8,3759.8,3757.9
2020:06:25-11:55:00,3757.8,3755.8,3758.7,3756.9
2020:06:25-11:56:00,3757.7,3756.7,3761.9,3761.7
2020:06:25-11:57:00,3761.8,3753.8,3763.7,3753.9
2020:06:25-11:58:00,3753.8,3753.8,3757.7,3755.7
2020:06:25-11:59:00,3756.7,3755.7,3758.7,3757.9
2020:06:25-12:00:00,3757.8,3754.8,3760.8,3755.9
2020:06:25-12:01:00,3756.7,3755.7,3759.8,3759.7
2020:06:25-12:02:00,3758.9,3756.9,3761.7,3761.7
2020:06:25-12:03:00,3761.3,3759.7,3761.7,3761.7
2020:06:25-12:04:00,3760.8,3757.7,3761.9,3759.7
2020:06:25-12:05:00,3759.8,3759.8,3763.7,3761.9
2020:06:25-12:06:00,3761.1,3760.8,3765.7,3762.8
2020:06:25-12:07:00,3763.7,3758.7,3763.7,3758.7
2020:06:25-12:08:00,3757.8,3755.8,3759.7,3757.8
2020:06:25-12:09:00,3757.0,3755.9,3760.7,3760.7
2020:06:25-12:10:00,3760.3,3760.3,3764.8,3764.8
2020:06:25-12:11:00,3764.9,3764.9,3767.9,3766.7
2020:06:25-12:12:00,3767.5,3763.8,3767.7,3764.9
2020:06:25-12:13:00,3765.3,3758.7,3765.8,3758.7
2020:06:25-12:14:00,3758.2,3751.8,3758.7,3751.8
2020:06:25-12:15:00,3751.0,3743.8,3751.0,3744.8
2020:06:25-12:16:00,3744.6,3740.9,3745.7,3742.7
2020:06:25-12:17:00,3742.6,3738.9,3746.8,3746.2
2020:06:25-12:18:00,3746.3,3745.8,3749.7,3748.9
2020:06:25-12:19:00,3748.8,3744.9,3748.9,3748.3
2020:06:25-12:20:00,3748.7,3747.0,3751.8,3750.8
2020:06:25-12:21:00,3750.9,3749.8,3752.9,3750.8
2020:06:25-12:22:00,3751.6,3748.8,3751.9,3749.8
2020:06:25-12:23:00,3750.7,3745.8,3750.7,3746.8
2020:06:25-12:24:00,3745.9,3743.9,3746.8,3744.8
2020:06:25-12:25:00,3744.7,3744.7,3747.8,3746.8
2020:06:25-12:26:00,3747.3,3746.8,3754.9,3753.9
2020:06:25-12:27:00,3753.8,3753.8,3756.9,3755.8
2020:06:25-12:28:00,3755.9,3752.9,3755.9,3752.9
2020:06:25-12:29:00,3753.8,3752.8,3756.8,3755.8
2020:06:25-12:30:00,3755.9,3754.8,3756.9,3754.9
2020:06:25-12:31:00,3755.8,3755.3,3760.7,3760.3
2020:06:25-12:32:00,3759.9,3748.3,3762.7,3748.9
2020:06:25-12:33:00,3748.8,3744.9,3752.9,3752.9
2020:06:25-12:34:00,3753.7,3751.8,3753.9,3753.9
2020:06:25-12:35:00,3754.3,3751.9,3754.9,3752.9
2020:06:25-12:36:00,3753.3,3746.8,3753.3,3747.4
2020:06:25-12:37:00,3747.9,3743.2,3748.7,3747.6
2020:06:25-12:38:00,3748.1,3741.9,3749.9,3747.1
2020:06:25-12:39:00,3747.4,3744.1,3749.1,3749.1
2020:06:25-12:40:00,3749.2,3742.6,3751.1,3742.9
2020:06:25-12:41:00,3743.1,3739.6,3744.1,3740.9
2020:06:25-12:42:00,3740.2,3737.3,3742.9,3738.9
2020:06:25-12:43:00,3739.1,3734.1,3741.2,3734.1
2020:06:25-12:44:00,3734.2,3733.0,3740.0,3736.1
2020:06:25-12:45:00,3737.0,3730.6,3737.0,3732.0
2020:06:25-12:46:00,3731.6,3730.0,3736.1,3734.1
2020:06:25-12:47:00,3733.6,3729.2,3733.6,3733.1
2020:06:25-12:48:00,3733.2,3732.1,3736.1,3735.2
2020:06:25-12:49:00,3735.1,3735.1,3740.2,3740.0
2020:06:25-12:50:00,3740.1,3738.1,3740.2,3740.0
2020:06:25-12:51:00,3740.1,3735.6,3740.1,3740.0
2020:06:25-12:52:00,3740.1,3736.2,3740.8,3739.6
2020:06:25-12:53:00,3740.0,3738.0,3741.0,3738.6
2020:06:25-12:54:00,3739.0,3738.1,3740.2,3740.1
2020:06:25-12:55:00,3740.0,3738.1,3740.2,3738.6
2020:06:25-12:56:00,3739.0,3738.6,3743.1,3741.2
2020:06:25-12:57:00,3742.0,3735.0,3743.0,3738.0
2020:06:25-12:58:00,3737.6,3733.2,3737.9,3734.1
2020:06:25-12:59:00,3734.2,3729.0,3735.2,3729.1
2020:06:25-13:00:00,3729.0,3729.0,3741.1,3739.2
2020:06:25-13:01:00,3738.7,3737.0,3743.0,3741.1
2020:06:25-13:02:00,3741.2,3735.0,3741.9,3737.1
2020:06:25-13:03:00,3737.0,3735.0,3741.2,3738.6
2020:06:25-13:04:00,3738.2,3736.6,3743.1,3743.1
2020:06:25-13:05:00,3743.6,3738.1,3744.0,3743.1
2020:06:25-13:06:00,3742.2,3739.1,3744.1,3743.2
2020:06:25-13:07:00,3743.1,3741.2,3746.0,3744.0
2020:06:25-13:08:00,3743.6,3738.0,3744.1,3739.0
2020:06:25-13:09:00,3738.2,3737.1,3743.1,3743.1
2020:06:25-13:10:00,3743.2,3743.1,3747.2,3746.1
2020:06:25-13:11:00,3745.3,3743.0,3748.1,3746.2
2020:06:25-13:12:00,3746.1,3740.2,3746.2,3741.1
2020:06:25-13:13:00,3740.6,3737.2,3743.1,3739.1
2020:06:25-13:14:00,3738.6,3733.0,3739.1,3733.0
2020:06:25-13:15:00,3732.1,3731.0,3734.0,3732.0
2020:06:25-13:16:00,3732.1,3727.0,3732.1,3727.0
2020:06:25-13:17:00,3727.1,3727.0,3732.2,3731.1
2020:06:25-13:18:00,3731.0,3730.1,3733.0,3732.2
2020:06:25-13:19:00,3732.1,3729.0,3732.1,3729.1
2020:06:25-13:20:00,3729.5,3727.2,3732.1,3732.1
2020:06:25-13:21:00,3732.2,3728.2,3733.0,3729.2
2020:06:25-13:22:00,3730.0,3730.0,3734.1,3733.1
2020:06:25-13:23:00,3733.2,3731.0,3735.0,3733.5
2020:06:25-13:24:00,3733.9,3733.9,3739.0,3736.2
2020:06:25-13:25:00,3736.1,3733.2,3738.1,3737.2
2020:06:25-13:26:00,3737.1,3737.0,3739.2,3738.2
2020:06:25-13:27:00,3738.1,3734.4,3738.1,3736.2
2020:06:25-13:28:00,3736.1,3734.2,3737.1,3735.1
2020:06:25-13:29:00,3735.0,3733.2,3735.2,3735.1
2020:06:25-13:30:00,3734.7,3722.2,3735.1,3723.0
2020:06:25-13:31:00,3722.2,3714.2,3723.1,3717.2
2020:06:25-13:32:00,3718.2,3712.2,3719.2,3713.6
2020:06:25-13:33:00,3714.0,3712.2,3720.2,3716.7
2020:06:25-13:34:00,3717.1,3712.2,3717.2,3714.2
2020:06:25-13:35:00,3714.6,3714.2,3742.0,3734.0
2020:06:25-13:36:00,3733.2,3733.0,3738.1,3737.0
2020:06:25-13:37:00,3737.9,3735.2,3745.0,3736.6
2020:06:25-13:38:00,3736.2,3717.7,3737.2,3722.2
2020:06:25-13:39:00,3722.6,3714.2,3723.0,3717.2
2020:06:25-13:40:00,3718.0,3717.1,3725.1,3718.2
2020:06:25-13:41:00,3719.2,3718.1,3725.1,3724.2
2020:06:25-13:42:00,3724.1,3724.1,3730.2,3730.1
2020:06:25-13:43:00,3731.0,3727.2,3734.2,3734.1
2020:06:25-13:44:00,3734.0,3727.1,3734.9,3730.2
2020:06:25-13:45:00,3730.6,3723.2,3732.2,3725.1
2020:06:25-13:46:00,3726.0,3720.4,3727.0,3722.2
2020:06:25-13:47:00,3723.0,3721.0,3727.1,3722.2
2020:06:25-13:48:00,3723.1,3723.1,3728.1,3727.0
2020:06:25-13:49:00,3726.2,3723.2,3729.0,3723.6
2020:06:25-13:50:00,3724.0,3720.7,3730.1,3727.0
2020:06:25-13:51:00,3726.2,3726.1,3732.0,3730.0
2020:06:25-13:52:00,3730.9,3730.0,3737.0,3733.0
2020:06:25-13:53:00,3732.2,3728.1,3735.0,3728.6
2020:06:25-13:54:00,3728.8,3728.6,3735.0,3730.0
2020:06:25-13:55:00,3729.5,3723.5,3734.0,3733.0
2020:06:25-13:56:00,3733.8,3733.0,3738.9,3737.3
2020:06:25-13:57:00,3737.7,3735.0,3743.8,3738.8
2020:06:25-13:58:00,3738.0,3728.9,3738.0,3729.9
2020:06:25-13:59:00,3729.5,3725.2,3729.8,3727.0
2020:06:25-14:00:00,3727.4,3722.9,3740.8,3738.0
2020:06:25-14:01:00,3738.4,3730.8,3738.8,3736.9
2020:06:25-14:02:00,3736.8,3735.9,3749.9,3747.7
2020:06:25-14:03:00,3747.8,3747.3,3758.9,3755.8
2020:06:25-14:04:00,3755.4,3752.0,3761.8,3754.9
2020:06:25-14:05:00,3754.8,3754.8,3762.0,3760.9
2020:06:25-14:06:00,3761.3,3760.0,3775.8,3772.9
2020:06:25-14:07:00,3772.0,3766.0,3773.9,3771.0
2020:06:25-14:08:00,3771.8,3770.0,3778.8,3776.9
2020:06:25-14:09:00,3776.8,3770.9,3776.9,3773.9
2020:06:25-14:10:00,3774.8,3774.8,3781.0,3779.0
2020:06:25-14:11:00,3779.4,3778.9,3786.9,3786.8
2020:06:25-14:12:00,3786.0,3784.0,3794.4,3791.9
2020:06:25-14:13:00,3791.8,3782.9,3796.9,3782.9
2020:06:25-14:14:00,3783.0,3776.9,3783.0,3777.0
2020:06:25-14:15:00,3776.9,3776.9,3790.8,3779.8
2020:06:25-14:16:00,3778.9,3777.8,3788.0,3787.0
2020:06:25-14:17:00,3787.8,3786.8,3790.8,3788.8
2020:06:25-14:18:00,3788.3,3784.9,3790.9,3786.9
2020:06:25-14:19:00,3786.8,3786.0,3790.9,3788.8
2020:06:25-14:20:00,3789.3,3783.8,3789.8,3783.8
2020:06:25-14:21:00,3783.9,3779.8,3784.8,3781.3
2020:06:25-14:22:00,3780.9,3778.9,3785.9,3780.8
2020:06:25-14:23:00,3780.3,3778.9,3786.8,3785.8
2020:06:25-14:24:00,3786.2,3781.9,3787.8,3782.9
2020:06:25-14:25:00,3783.8,3781.0,3786.8,3781.8
2020:06:25-14:26:00,3782.7,3781.8,3787.7,3785.8
2020:06:25-14:27:00,3785.0,3779.8,3789.8,3780.8
2020:06:25-14:28:00,3780.0,3774.8,3780.8,3776.8
2020:06:25-14:29:00,3776.0,3774.7,3784.7,3782.7
2020:06:25-14:30:00,3783.5,3778.6,3790.1,3788.6
2020:06:25-14:31:00,3788.7,3785.7,3792.6,3785.7
2020:06:25-14:32:00,3785.8,3775.6,3791.6,3777.6
2020:06:25-14:33:00,3776.8,3775.6,3790.6,3788.6
2020:06:25-14:34:00,3788.7,3785.7,3797.4,3794.6
2020:06:25-14:35:00,3795.4,3793.6,3802.7,3798.6
2020:06:25-14:36:00,3799.4,3798.7,3806.8,3805.7
2020:06:25-14:37:00,3805.2,3798.6,3806.8,3799.2
2020:06:25-14:38:00,3799.6,3793.6,3799.7,3795.6
2020:06:25-14:39:00,3795.5,3792.2,3798.6,3795.6
2020:06:25-14:40:00,3795.7,3782.6,3795.7,3782.6
2020:06:25-14:41:00,3782.7,3777.6,3784.6,3777.6
2020:06:25-14:42:00,3777.7,3766.7,3778.6,3769.5
2020:06:25-14:43:00,3768.8,3767.6,3785.7,3783.7
2020:06:25-14:44:00,3784.5,3781.7,3793.4,3791.4
2020:06:25-14:45:00,3791.5,3783.6,3794.4,3784.6
2020:06:25-14:46:00,3785.0,3780.5,3788.4,3784.6
2020:06:25-14:47:00,3785.4,3782.6,3789.0,3787.6
2020:06:25-14:48:00,3787.5,3779.0,3787.5,3780.6
2020:06:25-14:49:00,3781.0,3779.6,3790.5,3779.6
2020:06:25-14:50:00,3780.4,3776.5,3785.5,3780.6
2020:06:25-14:51:00,3780.5,3779.7,3787.6,3787.4
2020:06:25-14:52:00,3787.6,3787.5,3794.5,3794.4
2020:06:25-14:53:00,3794.8,3788.5,3796.5,3796.4
2020:06:25-14:54:00,3797.4,3793.5,3804.4,3801.6
2020:06:25-14:55:00,3802.0,3800.5,3808.2,3802.5
2020:06:25-14:56:00,3802.4,3796.0,3803.4,3797.6
2020:06:25-14:57:00,3797.1,3796.6,3802.5,3801.5
2020:06:25-14:58:00,3801.6,3797.7,3802.6,3801.2
2020:06:25-14:59:00,3800.8,3800.6,3827.5,3825.6
2020:06:25-15:00:00,3824.8,3816.6,3828.5,3827.6
2020:06:25-15:01:00,3826.6,3815.7,3829.6,3828.6
2020:06:25-15:02:00,3829.4,3829.4,3840.5,3838.6
2020:06:25-15:03:00,3838.2,3828.6,3838.5,3831.6
2020:06:25-15:04:00,3830.8,3829.6,3841.4,3836.6
2020:06:25-15:05:00,3837.4,3834.6,3841.5,3834.7
2020:06:25-15:06:00,3834.6,3832.5,3839.5,3832.5
2020:06:25-15:07:00,3831.7,3825.5,3832.5,3827.5
2020:06:25-15:08:00,3827.6,3827.4,3838.6,3834.6
2020:06:25-15:09:00,3834.5,3827.6,3837.4,3837.4
2020:06:25-15:10:00,3838.2,3836.4,3859.6,3855.6
2020:06:25-15:11:00,3856.4,3849.5,3857.5,3854.3
2020:06:25-15:12:00,3853.5,3841.7,3853.5,3843.7
2020:06:25-15:13:00,3843.6,3841.6,3855.7,3854.3
2020:06:25-15:14:00,3854.4,3848.6,3856.6,3854.5
2020:06:25-15:15:00,3853.7,3850.5,3861.5,3856.6
2020:06:25-15:16:00,3857.0,3846.0,3857.0,3847.5
2020:06:25-15:17:00,3847.6,3846.6,3856.4,3855.6
2020:06:25-15:18:00,3854.8,3849.9,3857.4,3856.6
2020:06:25-15:19:00,3857.4,3850.2,3858.4,3850.8
2020:06:25-15:20:00,3851.2,3850.7,3863.6,3862.6
2020:06:25-15:21:00,3863.0,3862.5,3873.0,3864.4
2020:06:25-15:22:00,3864.0,3856.0,3864.0,3863.5
2020:06:25-15:23:00,3864.4,3862.6,3867.6,3866.5
2020:06:25-15:24:00,3865.6,3857.5,3866.4,3858.5
2020:06:25-15:25:00,3858.1,3856.6,3868.4,3868.4
2020:06:25-15:26:00,3868.5,3860.5,3874.4,3862.4
2020:06:25-15:27:00,3862.5,3860.6,3870.4,3863.5
2020:06:25-15:28:00,3863.6,3859.6,3864.5,3859.6
2020:06:25-15:29:00,3860.4,3856.0,3860.5,3856.5
2020:06:25-15:30:00,3856.4,3852.4,3862.5,3854.6
2020:06:25-15:31:00,3853.8,3851.6,3855.6,3851.6
2020:06:25-15:32:00,3851.5,3843.4,3851.6,3848.4
2020:06:25-15:33:00,3849.2,3847.6,3854.5,3848.4
2020:06:25-15:34:00,3848.5,3846.4,3850.3,3847.6
2020:06:25-15:35:00,3848.4,3847.6,3857.4,3856.4
2020:06:25-15:36:00,3856.5,3850.5,3856.6,3854.4
2020:06:25-15:37:00,3854.5,3845.6,3856.5,3846.5
2020:06:25-15:38:00,3846.6,3843.6,3847.4,3845.4
2020:06:25-15:39:00,3845.5,3843.6,3848.4,3844.4
2020:06:25-15:40:00,3844.5,3842.5,3847.4,3843.5
2020:06:25-15:41:00,3844.3,3830.4,3844.4,3833.0
2020:06:25-15:42:00,3833.4,3826.4,3833.5,3830.4
2020:06:25-15:43:00,3830.5,3828.6,3834.4,3833.4
2020:06:25-15:44:00,3834.2,3829.4,3839.4,3839.4
2020:06:25-15:45:00,3838.6,3835.5,3845.4,3843.4
2020:06:25-15:46:00,3843.6,3833.4,3844.4,3841.4
2020:06:25-15:47:00,3840.6,3830.4,3840.6,3834.4
2020:06:25-15:48:00,3834.5,3832.6,3837.5,3834.4
2020:06:25-15:49:00,3834.0,3833.6,3837.5,3835.5
2020:06:25-15:50:00,3835.9,3828.5,3836.5,3829.4
2020:06:25-15:51:00,3829.0,3827.4,3834.5,3831.5
2020:06:25-15:52:00,3831.4,3824.6,3832.4,3828.5
2020:06:25-15:53:00,3829.4,3826.5,3834.4,3827.4
2020:06:25-15:54:00,3827.0,3825.6,3831.4,3827.6
2020:06:25-15:55:00,3828.4,3824.5,3832.5,3827.5
2020:06:25-15:56:00,3827.4,3827.4,3831.4,3827.5
2020:06:25-15:57:00,3826.7,3822.6,3831.4,3823.6
2020:06:25-15:58:00,3824.0,3820.6,3826.4,3822.6
2020:06:25-15:59:00,3822.5,3820.6,3827.3,3821.6
2020:06:25-16:00:00,3822.4,3821.5,3827.6,3826.5
2020:06:25-16:01:00,3826.6,3817.6,3827.6,3818.6
2020:06:25-16:02:00,3818.7,3812.8,3820.6,3815.6
2020:06:25-16:03:00,3816.4,3815.6,3822.7,3820.7
2020:06:25-16:04:00,3821.1,3821.1,3827.6,3826.6
2020:06:25-16:05:00,3825.8,3818.1,3826.6,3820.7
2020:06:25-16:06:00,3820.8,3809.8,3820.8,3813.6
2020:06:25-16:07:00,3813.2,3810.7,3817.6,3811.6
2020:06:25-16:08:00,3811.2,3808.7,3815.5,3813.1
2020:06:25-16:09:00,3812.7,3812.6,3819.8,3818.6
2020:06:25-16:10:00,3817.8,3817.2,3825.6,3823.2
2020:06:25-16:11:00,3823.6,3818.8,3827.8,3827.7
2020:06:25-16:12:00,3828.1,3826.8,3832.5,3829.7
2020:06:25-16:13:00,3830.1,3829.7,3835.6,3830.6
2020:06:25-16:14:00,3829.7,3825.7,3829.7,3825.7
2020:06:25-16:15:00,3825.8,3821.7,3831.7,3830.6
2020:06:25-16:16:00,3829.8,3829.6,3834.6,3833.7
2020:06:25-16:17:00,3833.6,3833.6,3837.8,3836.6
2020:06:25-16:18:00,3835.8,3834.6,3837.8,3836.6
2020:06:25-16:19:00,3836.7,3833.8,3839.7,3839.6
2020:06:25-16:20:00,3839.5,3836.6,3839.6,3838.5
2020:06:25-16:21:00,3838.6,3836.1,3840.6,3838.6
2020:06:25-16:22:00,3839.4,3834.6,3840.6,3835.7
2020:06:25-16:23:00,3835.6,3834.6,3839.6,3837.7
2020:06:25-16:24:00,3838.6,3834.6,3840.6,3839.7
2020:06:25-16:25:00,3839.8,3834.7,3840.8,3839.8
2020:06:25-16:26:00,3839.7,3838.1,3840.7,3839.7
2020:06:25-16:27:00,3839.8,3836.7,3845.8,3845.6
2020:06:25-16:28:00,3844.8,3844.8,3850.5,3850.0
2020:06:25-16:29:00,3850.4,3846.6,3851.5,3850.6
2020:06:25-16:30:00,3850.4,3841.6,3853.6,3847.6
2020:06:25-16:31:00,3847.5,3839.6,3847.5,3840.6
2020:06:25-16:32:00,3840.5,3830.4,3840.5,3830.7
2020:06:25-16:33:00,3830.6,3817.5,3831.6,3817.5
2020:06:25-16:34:00,3817.6,3809.4,3819.4,3809.4
2020:06:25-16:35:00,3809.5,3806.6,3818.5,3816.6
2020:06:25-16:36:00,3817.0,3811.5,3818.5,3814.5
2020:06:25-16:37:00,3815.3,3811.6,3818.5,3812.6
2020:06:25-16:38:00,3812.5,3810.4,3819.4,3818.6
2020:06:25-16:39:00,3819.4,3815.0,3821.6,3819.6
2020:06:25-16:40:00,3820.5,3806.6,3821.4,3807.0
2020:06:25-16:41:00,3807.4,3799.6,3809.6,3799.6
2020:06:25-16:42:00,3799.7,3797.7,3813.4,3811.1
2020:06:25-16:43:00,3811.0,3809.6,3819.5,3817.6
2020:06:25-16:44:00,3818.0,3815.5,3821.4,3820.6
2020:06:25-16:45:00,3820.5,3810.4,3827.4,3825.4
2020:06:25-16:46:00,3824.6,3822.6,3828.6,3828.4
2020:06:25-16:47:00,3828.5,3826.0,3833.6,3831.5
2020:06:25-16:48:00,3830.6,3829.5,3836.5,3835.6
2020:06:25-16:49:00,3836.0,3834.5,3837.6,3835.5
2020:06:25-16:50:00,3835.6,3834.6,3837.4,3836.6
2020:06:25-16:51:00,3837.4,3832.6,3837.6,3832.6
2020:06:25-16:52:00,3833.4,3833.4,3838.6,3837.6
2020:06:25-16:53:00,3837.5,3836.6,3841.6,3840.6
2020:06:25-16:54:00,3841.5,3837.4,3842.6,3839.0
2020:06:25-16:55:00,3838.6,3836.6,3842.5,3840.5
2020:06:25-16:56:00,3840.4,3840.4,3844.6,3840.5
2020:06:25-16:57:00,3840.1,3835.4,3840.4,3835.6
2020:06:25-16:58:00,3836.4,3835.6,3844.0,3841.5
2020:06:25-16:59:00,3841.4,3836.6,3841.4,3840.4
2020:06:25-17:00:00,3841.3,3837.0,3844.3,3838.4
2020:06:25-17:01:00,3838.5,3838.5,3846.5,3845.0
2020:06:25-17:02:00,3845.4,3844.4,3847.4,3846.4
2020:06:25-17:03:00,3847.2,3845.8,3852.5,3852.4
2020:06:25-17:04:00,3852.5,3850.5,3859.4,3859.4
2020:06:25-17:05:00,3858.5,3857.4,3866.4,3863.3
2020:06:25-17:06:00,3862.5,3854.3,3863.2,3857.2
2020:06:25-17:07:00,3857.3,3853.3,3859.3,3854.4
2020:06:25-17:08:00,3855.2,3851.2,3858.3,3851.2
2020:06:25-17:09:00,3851.4,3851.3,3857.4,3854.3
2020:06:25-17:10:00,3854.4,3851.4,3858.3,3857.3
2020:06:25-17:11:00,3857.2,3854.8,3859.1,3857.2
2020:06:25-17:12:00,3858.2,3857.4,3865.2,3863.2
2020:06:25-17:13:00,3862.3,3861.2,3867.3,3863.2
2020:06:25-17:14:00,3862.4,3857.3,3864.2,3860.3
2020:06:25-17:15:00,3860.4,3860.4,3877.0,3876.0
2020:06:25-17:16:00,3875.6,3865.2,3876.0,3870.1
2020:06:25-17:17:00,3870.9,3865.1,3872.0,3868.1
2020:06:25-17:18:00,3869.0,3863.2,3870.1,3865.1
2020:06:25-17:19:00,3864.3,3863.1,3870.1,3869.1
2020:06:25-17:20:00,3870.0,3870.0,3874.0,3872.1
2020:06:25-17:21:00,3871.6,3869.2,3875.1,3871.2
2020:06:25-17:22:00,3871.1,3871.1,3875.2,3872.6
2020:06:25-17:23:00,3872.7,3866.7,3873.1,3869.2
2020:06:25-17:24:00,3869.6,3868.1,3872.2,3869.2
2020:06:25-17:25:00,3870.0,3862.2,3870.1,3865.1
2020:06:25-17:26:00,3864.2,3864.2,3871.2,3870.1
2020:06:25-17:27:00,3870.2,3868.2,3871.2,3869.6
2020:06:25-17:28:00,3870.0,3866.2,3871.2,3868.2
2020:06:25-17:29:00,3868.1,3868.1,3882.0,3881.0
2020:06:25-17:30:00,3881.2,3875.1,3883.0,3880.6
2020:06:25-17:31:00,3880.2,3880.0,3884.1,3880.1
2020:06:25-17:32:00,3881.0,3871.8,3882.0,3873.3
2020:06:25-17:33:00,3873.2,3865.0,3875.0,3866.0
2020:06:25-17:34:00,3866.2,3863.2,3867.0,3863.2
2020:06:25-17:35:00,3864.0,3863.2,3869.1,3869.0
2020:06:25-17:36:00,3868.2,3867.2,3871.2,3871.1
2020:06:25-17:37:00,3871.0,3871.0,3878.1,3876.2
2020:06:25-17:38:00,3876.1,3870.6,3876.2,3870.6
2020:06:25-17:39:00,3871.0,3866.1,3872.2,3866.1
2020:06:25-17:40:00,3866.2,3861.2,3867.6,3865.2
2020:06:25-17:41:00,3866.1,3866.1,3871.0,3870.1
2020:06:25-17:42:00,3870.9,3869.1,3872.2,3872.2
2020:06:25-17:43:00,3873.0,3871.1,3877.2,3877.2
2020:06:25-17:44:00,3876.2,3873.2,3879.1,3877.1
2020:06:25-17:45:00,3877.2,3876.6,3886.1,3884.2
2020:06:25-17:46:00,3884.6,3883.1,3887.0,3885.1
2020:06:25-17:47:00,3884.6,3882.1,3887.0,3885.0
2020:06:25-17:48:00,3884.2,3879.6,3885.6,3881.0
2020:06:25-17:49:00,3880.2,3880.0,3887.9,3883.1
2020:06:25-17:50:00,3883.9,3880.0,3885.1,3881.2
2020:06:25-17:51:00,3881.1,3881.0,3886.2,3885.2
2020:06:25-17:52:00,3885.1,3882.2,3888.0,3883.0
2020:06:25-17:53:00,3882.6,3881.5,3888.0,3886.6
2020:06:25-17:54:00,3887.0,3882.1,3887.0,3883.1
2020:06:25-17:55:00,3883.9,3881.6,3884.5,3883.0
2020:06:25-17:56:00,3882.2,3881.0,3883.2,3881.0
2020:06:25-17:57:00,3880.1,3878.0,3882.0,3881.2
2020:06:25-17:58:00,3882.0,3881.1,3884.1,3881.1
2020:06:25-17:59:00,3881.0,3880.0,3887.0,3883.6
2020:06:25-18:00:00,3884.0,3879.1,3885.0,3879.1
2020:06:25-18:01:00,3879.0,3875.0,3879.0,3876.1
2020:06:25-18:02:00,3876.0,3876.0,3878.0,3877.1
2020:06:25-18:03:00,3877.0,3869.0,3878.0,3871.0
2020:06:25-18:04:00,3870.2,3870.2,3874.1,3872.1
2020:06:25-18:05:00,3872.0,3872.0,3875.9,3874.1
2020:06:25-18:06:00,3874.0,3871.0,3875.0,3871.1
2020:06:25-18:07:00,3871.5,3868.0,3872.0,3871.0
2020:06:25-18:08:00,3871.1,3870.1,3873.0,3871.0
2020:06:25-18:09:00,3871.1,3869.1,3874.1,3871.1
2020:06:25-18:10:00,3871.0,3871.0,3876.0,3875.1
2020:06:25-18:11:00,3875.0,3873.0,3876.5,3874.0
2020:06:25-18:12:00,3874.1,3873.0,3879.1,3878.1
2020:06:25-18:13:00,3878.0,3875.0,3878.5,3877.1
2020:06:25-18:14:00,3877.0,3877.0,3885.0,3885.0
2020:06:25-18:15:00,3885.8,3884.5,3892.9,3892.8
2020:06:25-18:16:00,3892.9,3891.9,3913.5,3911.2
2020:06:25-18:17:00,3910.2,3901.0,3912.0,3901.9
2020:06:25-18:18:00,3902.0,3899.9,3904.0,3901.4
2020:06:25-18:19:00,3901.8,3899.9,3903.8,3903.0
2020:06:25-18:20:00,3902.9,3898.9,3905.0,3901.8
2020:06:25-18:21:00,3901.4,3896.8,3901.4,3898.0
2020:06:25-18:22:00,3897.3,3895.0,3899.0,3895.9
2020:06:25-18:23:00,3895.8,3892.8,3898.0,3892.9
2020:06:25-18:24:00,3892.8,3889.9,3893.8,3891.8
2020:06:25-18:25:00,3891.0,3887.8,3891.8,3887.8
2020:06:25-18:26:00,3887.0,3878.9,3888.8,3879.8
2020:06:25-18:27:00,3880.8,3879.8,3886.8,3886.8
2020:06:25-18:28:00,3886.9,3883.8,3892.8,3887.9
2020:06:25-18:29:00,3887.8,3885.9,3889.9,3889.8
2020:06:25-18:30:00,3889.9,3889.4,3895.4,3892.0
2020:06:25-18:31:00,3891.9,3887.8,3892.9,3888.0
2020:06:25-18:32:00,3888.8,3887.4,3891.0,3887.8
2020:06:25-18:33:00,3887.0,3881.0,3887.9,3883.0
2020:06:25-18:34:00,3883.8,3883.8,3889.0,3888.4
2020:06:25-18:35:00,3888.0,3886.8,3890.3,3889.9
2020:06:25-18:36:00,3889.8,3889.8,3894.8,3894.8
2020:06:25-18:37:00,3894.9,3890.8,3894.9,3891.8
2020:06:25-18:38:00,3891.9,3887.8,3893.9,3887.8
2020:06:25-18:39:00,3887.3,3886.9,3892.0,3891.9
2020:06:25-18:40:00,3892.0,3890.0,3893.9,3893.8
2020:06:25-18:41:00,3893.4,3893.0,3895.9,3895.8
2020:06:25-18:42:00,3895.9,3892.8,3895.9,3893.8
2020:06:25-18:43:00,3893.0,3889.2,3893.4,3889.9
2020:06:25-18:44:00,3890.8,3890.4,3896.0,3893.9
2020:06:25-18:45:00,3894.7,3889.2,3895.0,3892.0
2020:06:25-18:46:00,3892.3,3889.0,3893.0,3892.0
2020:06:25-18:47:00,3892.9,3890.5,3896.0,3892.0
2020:06:25-18:48:00,3892.2,3892.0,3896.8,3896.0
2020:06:25-18:49:00,3895.9,3892.9,3897.9,3893.9
2020:06:25-18:50:00,3893.5,3892.0,3896.9,3896.9
2020:06:25-18:51:00,3897.0,3885.9,3899.8,3886.0
2020:06:25-18:52:00,3886.8,3883.0,3888.0,3884.9
2020:06:25-18:53:00,3885.0,3882.3,3887.9,3884.2
2020:06:25-18:54:00,3884.0,3882.0,3885.8,3885.0
2020:06:25-18:55:00,3885.2,3883.0,3886.5,3885.0
2020:06:25-18:56:00,3885.2,3881.0,3887.3,3883.2
2020:06:25-18:57:00,3883.0,3879.3,3884.0,3881.0
2020:06:25-18:58:00,3880.7,3879.0,3884.8,3879.0
2020:06:25-18:59:00,3878.7,3876.0,3883.5,3882.0
2020:06:25-19:00:00,3882.8,3875.2,3884.0,3877.7
2020:06:25-19:01:00,3877.2,3873.0,3878.0,3875.0
2020:06:25-19:02:00,3874.3,3869.7,3881.0,3872.0
2020:06:25-19:03:00,3871.3,3870.5,3880.1,3879.2
2020:06:25-19:04:00,3879.1,3877.2,3882.2,3881.1
2020:06:25-19:05:00,3881.8,3876.1,3884.2,3883.2
2020:06:25-19:06:00,3883.1,3883.1,3887.8,3886.8
2020:06:25-19:07:00,3886.9,3884.8,3888.8,3886.9
2020:06:25-19:08:00,3887.8,3885.8,3889.7,3888.1
2020:06:25-19:09:00,3887.9,3887.1,3891.1,3887.8
2020:06:25-19:10:00,3887.1,3880.8,3888.8,3888.8
2020:06:25-19:11:00,3889.8,3885.8,3889.8,3886.9
2020:06:25-19:12:00,3887.8,3886.8,3893.8,3887.9
2020:06:25-19:13:00,3887.8,3881.9,3889.7,3883.9
2020:06:25-19:14:00,3884.1,3879.1,3885.9,3881.2
2020:06:25-19:15:00,3882.1,3876.2,3883.2,3876.2
2020:06:25-19:16:00,3876.1,3875.1,3881.2,3876.1
2020:06:25-19:17:00,3875.2,3874.1,3877.2,3874.2
2020:06:25-19:18:00,3874.1,3870.1,3874.9,3873.8
2020:06:25-19:19:00,3873.1,3869.1,3874.8,3873.9
2020:06:25-19:20:00,3872.9,3865.1,3872.9,3866.2
2020:06:25-19:21:00,3866.1,3865.2,3869.1,3865.2
2020:06:25-19:22:00,3865.1,3862.1,3870.1,3868.7
2020:06:25-19:23:00,3868.6,3867.1,3874.6,3872.1
2020:06:25-19:24:00,3871.2,3866.2,3874.1,3873.1
2020:06:25-19:25:00,3873.2,3866.1,3874.1,3870.1
2020:06:25-19:26:00,3869.2,3868.3,3876.9,3876.2
2020:06:25-19:27:00,3876.1,3866.3,3880.3,3877.2
2020:06:25-19:28:00,3877.3,3867.1,3879.1,3874.1
2020:06:25-19:29:00,3873.3,3873.1,3880.1,3878.3
2020:06:25-19:30:00,3877.5,3868.1,3878.3,3868.3
2020:06:25-19:31:00,3868.7,3867.3,3870.3,3869.3
2020:06:25-19:32:00,3869.2,3859.4,3869.3,3862.3
2020:06:25-19:33:00,3861.5,3860.3,3865.3,3864.9
2020:06:25-19:34:00,3864.5,3864.3,3875.3,3874.2
2020:06:25-19:35:00,3874.1,3871.3,3876.3,3873.3
2020:06:25-19:36:00,3873.2,3869.3,3874.1,3872.1
2020:06:25-19:37:00,3871.3,3869.3,3874.1,3871.2
2020:06:25-19:38:00,3871.3,3871.1,3874.1,3873.7
2020:06:25-19:39:00,3874.1,3873.7,3878.2,3876.6
2020:06:25-19:40:00,3876.2,3875.7,3880.3,3879.7
2020:06:25-19:41:00,3879.6,3878.1,3884.1,3882.1
2020:06:25-19:42:00,3882.3,3880.2,3884.1,3883.2
2020:06:25-19:43:00,3883.1,3881.3,3883.2,3882.3
2020:06:25-19:44:00,3881.8,3881.7,3884.2,3883.3
2020:06:25-19:45:00,3884.1,3881.3,3885.3,3881.7
2020:06:25-19:46:00,3881.3,3877.3,3883.3,3883.2
2020:06:25-19:47:00,3882.7,3879.7,3883.2,3881.3
2020:06:25-19:48:00,3882.1,3875.7,3882.2,3876.2
2020:06:25-19:49:00,3876.1,3873.2,3876.1,3875.1
2020:06:25-19:50:00,3875.0,3873.3,3875.2,3875.1
2020:06:25-19:51:00,3875.2,3875.1,3880.0,3879.0
2020:06:25-19:52:00,3879.1,3878.1,3881.0,3880.1
2020:06:25-19:53:00,3880.8,3879.0,3881.8,3880.5
2020:06:25-19:54:00,3880.1,3880.1,3882.0,3881.0
2020:06:25-19:55:00,3880.9,3879.1,3881.9,3881.9
2020:06:25-19:56:00,3881.5,3880.1,3882.1,3881.6
2020:06:25-19:57:00,3881.2,3877.2,3881.2,3878.1
2020:06:25-19:58:00,3878.6,3877.3,3879.9,3878.1
2020:06:25-19:59:00,3877.7,3877.0,3881.9,3877.1
2020:06:25-20:00:00,3877.9,3876.9,3881.5,3881.0
2020:06:25-20:01:00,3881.4,3879.9,3882.1,3882.0
2020:06:25-20:02:00,3882.1,3882.1,3887.5,3887.1
2020:06:25-20:03:00,3887.0,3886.0,3888.1,3888.1
2020:06:25-20:04:00,3888.9,3887.0,3889.1,3887.1
2020:06:25-20:05:00,3887.0,3887.0,3893.0,3891.0
2020:06:25-20:06:00,3890.2,3890.0,3893.9,3891.9
2020:06:25-20:07:00,3892.0,3889.0,3893.0,3889.9
2020:06:25-20:08:00,3890.0,3888.9,3890.9,3889.1
2020:06:25-20:09:00,3889.0,3888.5,3891.1,3891.1
2020:06:25-20:10:00,3891.0,3888.1,3891.1,3889.1
2020:06:25-20:11:00,3888.3,3885.1,3889.0,3886.0
2020:06:25-20:12:00,3886.9,3885.9,3887.1,3887.0
2020:06:25-20:13:00,3886.9,3886.0,3887.9,3887.0
2020:06:25-20:14:00,3886.2,3885.0,3888.7,3887.9
2020:06:25-20:15:00,3888.6,3888.0,3895.9,3893.9
2020:06:25-20:16:00,3893.1,3891.4,3895.9,3891.9
2020:06:25-20:17:00,3890.3,3883.9,3890.9,3883.9
2020:06:25-20:18:00,3884.1,3884.0,3894.0,3892.9
2020:06:25-20:19:00,3893.0,3893.0,3896.9,3895.9
2020:06:25-20:20:00,3896.6,3895.9,3899.0,3898.0
2020:06:25-20:21:00,3898.7,3896.9,3900.6,3897.9
2020:06:25-20:22:00,3898.6,3897.6,3901.8,3901.8
2020:06:25-20:23:00,3901.6,3900.3,3905.9,3904.9
2020:06:25-20:24:00,3904.8,3901.8,3904.8,3901.9
2020:06:25-20:25:00,3902.3,3900.9,3906.9,3906.6
2020:06:25-20:26:00,3906.9,3903.8,3907.9,3906.1
2020:06:25-20:27:00,3906.3,3905.6,3910.6,3909.6
2020:06:25-20:28:00,3908.5,3902.6,3908.5,3904.6
2020:06:25-20:29:00,3903.9,3898.6,3904.6,3899.6
2020:06:25-20:30:00,3899.8,3897.6,3901.8,3898.6
2020:06:25-20:31:00,3898.3,3897.0,3901.6,3900.6
2020:06:25-20:32:00,3901.0,3900.6,3903.6,3901.8
2020:06:25-20:33:00,3901.9,3901.6,3906.6,3906.6
2020:06:25-20:34:00,3906.3,3905.6,3913.4,3911.6
2020:06:25-20:35:00,3911.1,3903.9,3911.6,3904.6
2020:06:25-20:36:00,3904.8,3904.6,3907.6,3904.9
2020:06:25-20:37:00,3905.3,3902.8,3905.8,3902.8
2020:06:25-20:38:00,3903.1,3902.6,3904.6,3902.6
2020:06:25-20:39:00,3903.6,3902.6,3904.6,3902.8
2020:06:25-20:40:00,3903.1,3901.5,3903.8,3903.8
2020:06:25-20:41:00,3903.6,3901.8,3903.8,3901.8
2020:06:25-20:42:00,3901.9,3900.8,3903.1,3901.6
2020:06:25-20:43:00,3900.9,3900.9,3903.6,3901.6
2020:06:25-20:44:00,3901.5,3900.9,3903.3,3902.8
2020:06:25-20:45:00,3902.6,3902.1,3906.6,3902.6
2020:06:25-20:46:00,3902.3,3900.9,3902.6,3901.6
2020:06:25-20:47:00,3902.4,3901.6,3903.6,3902.6
2020:06:25-20:48:00,3901.9,3901.6,3906.6,3904.6
2020:06:25-20:49:00,3904.3,3903.8,3905.8,3905.6
2020:06:25-20:50:00,3905.8,3903.6,3906.8,3905.7
2020:06:25-20:51:00,3905.8,3905.7,3909.7,3907.2
2020:06:25-20:52:00,3907.5,3905.8,3907.7,3906.3
2020:06:25-20:53:00,3906.2,3904.8,3906.7,3906.7
2020:06:25-20:54:00,3907.7,3904.7,3909.8,3909.7
2020:06:25-20:55:00,3908.9,3904.7,3909.7,3905.7
2020:06:25-20:56:00,3904.9,3903.7,3905.7,3903.7
2020:06:25-20:57:00,3902.7,3901.9,3903.7,3902.7
2020:06:25-20:58:00,3901.9,3899.7,3902.7,3900.7
2020:06:25-20:59:00,3900.8,3900.8,3904.8,3902.7
2020:06:25-21:00:00,3903.4,3900.7,3903.7,3902.7
2020:06:25-21:01:00,3903.7,3902.7,3905.7,3905.7
2020:06:25-21:02:00,3905.9,3905.9,3906.8,3905.9
2020:06:25-21:03:00,3906.3,3904.8,3906.7,3905.7
2020:06:25-21:04:00,3906.3,3905.7,3906.7,3906.7
2020:06:25-21:05:00,3905.7,3904.7,3905.7,3905.7
2020:06:25-21:06:00,3906.4,3905.7,3907.7,3905.7
2020:06:25-21:07:00,3904.8,3904.4,3905.7,3905.7
2020:06:25-21:08:00,3905.3,3904.4,3905.7,3905.7
2020:06:25-21:09:00,3905.3,3904.7,3905.7,3905.7
2020:06:25-21:10:00,3904.7,3904.7,3904.7,3904.7
2020:06:25-21:11:00,3905.4,3904.7,3905.7,3904.7
2020:06:25-21:12:00,3905.0,3904.7,3905.7,3904.7
2020:06:25-21:13:00,3905.4,3904.9,3906.7,3906.7
2020:06:25-21:14:00,3905.7,3905.7,3907.7,3906.4
2020:06:25-21:15:00,3906.0,3904.4,3906.4,3905.4
2020:06:25-21:16:00,3905.7,3905.5,3907.7,3907.5
2020:06:25-21:17:00,3907.7,3907.5,3913.4,3911.4
2020:06:25-21:18:00,3910.5,3908.4,3910.5,3908.4
2020:06:25-21:19:00,3907.7,3906.5,3907.7,3907.0
2020:06:25-21:20:00,3906.7,3906.7,3910.4,3910.0
2020:06:25-21:21:00,3909.4,3909.4,3911.4,3911.4
2020:06:25-21:22:00,3912.2,3911.4,3915.4,3915.4
2020:06:25-21:23:00,3915.1,3914.4,3919.4,3919.4
2020:06:25-21:24:00,3918.9,3917.6,3923.4,3917.7
2020:06:25-21:25:00,3917.6,3913.6,3919.4,3913.6
2020:06:25-21:26:00,3912.6,3912.4,3914.4,3913.4
2020:06:25-21:27:00,3913.1,3912.9,3916.2,3915.1
2020:06:25-21:28:00,3914.9,3914.6,3915.4,3914.9
2020:06:25-21:29:00,3915.4,3913.7,3915.6,3915.6
2020:06:25-21:30:00,3915.4,3915.1,3917.6,3917.4
2020:06:25-21:31:00,3916.6,3915.6,3917.4,3916.6
2020:06:25-21:32:00,3917.4,3916.6,3917.9,3917.4
2020:06:25-21:33:00,3916.7,3913.1,3916.9,3913.4
2020:06:25-21:34:00,3913.6,3909.7,3913.6,3910.1
2020:06:25-21:35:00,3910.4,3909.6,3912.6,3912.6
2020:06:25-21:36:00,3912.4,3912.4,3913.6,3913.6
2020:06:25-21:37:00,3913.4,3911.6,3913.4,3912.7
2020:06:25-21:38:00,3912.6,3912.6,3915.4,3914.9
2020:06:25-21:39:00,3914.6,3914.4,3916.4,3914.6
2020:06:25-21:40:00,3915.3,3914.7,3917.9,3916.6
2020:06:25-21:41:00,3916.4,3915.7,3916.4,3916.1
2020:06:25-21:42:00,3916.4,3916.4,3919.6,3919.6
2020:06:25-21:43:00,3920.4,3919.6,3922.6,3922.6
2020:06:25-21:44:00,3922.4,3922.1,3923.8,3923.6
2020:06:25-21:45:00,3923.9,3920.6,3924.4,3920.7
2020:06:25-21:46:00,3921.4,3912.6,3922.4,3914.6
2020:06:25-21:47:00,3914.2,3913.7,3915.9,3915.9
2020:06:25-21:48:00,3915.7,3913.7,3916.4,3913.7
2020:06:25-21:49:00,3914.1,3910.6,3915.3,3911.6
2020:06:25-21:50:00,3911.4,3910.5,3915.9,3913.1
2020:06:25-21:51:00,3912.7,3909.7,3912.7,3910.7
2020:06:25-21:52:00,3911.1,3910.7,3911.7,3910.7
2020:06:25-21:53:00,3910.6,3909.1,3911.6,3909.1
2020:06:25-21:54:00,3908.7,3908.6,3912.6,3912.6
2020:06:25-21:55:00,3911.7,3910.6,3912.6,3911.6
2020:06:25-21:56:00,3910.5,3910.1,3911.1,3910.6
2020:06:25-21:57:00,3909.8,3908.7,3910.6,3908.7
2020:06:25-21:58:00,3909.5,3908.6,3910.3,3909.5
2020:06:25-21:59:00,3908.7,3903.7,3909.1,3905.6
2020:06:25-23:00:00,3911.5,3907.6,3913.0,3909.1
2020:06:25-23:01:00,3908.6,3908.6,3911.7,3909.6
2020:06:25-23:02:00,3909.7,3909.6,3911.6,3911.2
2020:06:25-23:03:00,3911.6,3910.6,3913.0,3911.5
2020:06:25-23:04:00,3911.6,3911.0,3912.0,3911.0
2020:06:25-23:05:00,3912.0,3912.0,3914.1,3913.5
2020:06:25-23:06:00,3913.6,3909.6,3913.6,3909.6
2020:06:25-23:07:00,3910.4,3907.5,3910.6,3907.5
2020:06:25-23:08:00,3907.6,3906.6,3910.6,3909.6
2020:06:25-23:09:00,3910.0,3909.6,3911.6,3911.2
2020:06:25-23:10:00,3911.6,3910.6,3912.6,3912.6
2020:06:25-23:11:00,3913.0,3909.7,3913.0,3909.7
2020:06:25-23:12:00,3910.0,3910.0,3912.1,3912.1
2020:06:25-23:13:00,3912.0,3911.6,3912.5,3912.1
2020:06:25-23:14:00,3911.6,3910.6,3912.5,3912.5
2020:06:25-23:15:00,3912.6,3911.6,3912.7,3911.6
2020:06:25-23:16:00,3910.7,3908.5,3910.7,3908.5
2020:06:25-23:17:00,3908.7,3908.6,3909.5,3909.1
2020:06:25-23:18:00,3908.6,3908.5,3910.6,3910.6
2020:06:25-23:19:00,3910.2,3910.2,3914.6,3913.6
2020:06:25-23:20:00,3914.0,3913.6,3914.5,3913.6
2020:06:25-23:21:00,3914.0,3914.0,3916.5,3916.0
2020:06:25-23:22:00,3915.6,3913.6,3916.5,3913.6
2020:06:25-23:23:00,3913.2,3911.6,3913.4,3912.5
2020:06:25-23:24:00,3913.3,3912.6,3913.6,3913.6
2020:06:25-23:25:00,3914.0,3912.2,3914.5,3912.6
2020:06:25-23:26:00,3912.7,3912.6,3914.1,3913.6
2020:06:25-23:27:00,3913.2,3912.6,3913.6,3913.6
2020:06:25-23:28:00,3912.5,3912.1,3915.6,3915.1
2020:06:25-23:29:00,3914.6,3914.1,3916.7,3914.5
2020:06:25-23:30:00,3914.6,3913.6,3915.0,3914.0
2020:06:25-23:31:00,3913.6,3913.6,3914.5,3913.6
2020:06:25-23:32:00,3912.0,3911.1,3913.6,3913.6
2020:06:25-23:33:00,3913.5,3912.5,3914.6,3914.0
2020:06:25-23:34:00,3913.6,3911.0,3915.3,3912.1
2020:06:25-23:35:00,3911.6,3911.5,3914.1,3913.6
2020:06:25-23:36:00,3914.0,3913.0,3914.0,3913.0
2020:06:25-23:37:00,3912.5,3911.5,3913.6,3913.6
2020:06:25-23:38:00,3913.5,3912.6,3913.6,3913.6
2020:06:25-23:39:00,3913.5,3906.6,3913.5,3906.6
2020:06:25-23:40:00,3906.5,3904.6,3907.6,3906.7
2020:06:25-23:41:00,3905.8,3904.8,3910.6,3906.7
2020:06:25-23:42:00,3907.1,3904.6,3909.1,3905.7
2020:06:25-23:43:00,3906.2,3905.7,3909.7,3909.7
2020:06:25-23:44:00,3910.1,3909.6,3921.6,3921.6
2020:06:25-23:45:00,3922.0,3917.7,3925.5,3922.0
2020:06:25-23:46:00,3922.4,3918.5,3922.5,3918.5
2020:06:25-23:47:00,3918.9,3918.5,3919.9,3919.0
2020:06:25-23:48:00,3919.5,3915.5,3919.5,3916.0
2020:06:25-23:49:00,3916.4,3916.1,3916.6,3916.6
2020:06:25-23:50:00,3916.7,3916.7,3921.0,3919.6
2020:06:25-23:51:00,3919.5,3916.5,3919.5,3918.0
2020:06:25-23:52:00,3917.5,3916.5,3920.0,3917.5
2020:06:25-23:53:00,3917.6,3917.0,3921.0,3918.0
2020:06:25-23:54:00,3917.6,3917.0,3917.6,3917.0
2020:06:25-23:55:00,3917.4,3917.4,3919.5,3919.5
2020:06:25-23:56:00,3919.1,3918.0,3920.6,3918.5
2020:06:25-23:57:00,3919.0,3916.5,3919.1,3916.6
2020:06:25-23:58:00,3916.5,3915.6,3917.1,3916.6
2020:06:25-23:59:00,3917.1,3915.5,3917.5,3916.6
